genome_id	gene_id	namespace	accession
ecoli_mg1655	ecoli_mg1655_p000002	KO	K00928
ecoli_mg1655	ecoli_mg1655_p000002	KO	K12524
ecoli_mg1655	ecoli_mg1655_p000003	KO	K00872
ecoli_mg1655	ecoli_mg1655_p000004	KO	K01733
ecoli_mg1655	ecoli_mg1655_p000029	KO	K00215
ecoli_mg1655	ecoli_mg1655_p000030	KO	K01956
ecoli_mg1655	ecoli_mg1655_p000031	KO	K01955
ecoli_mg1655	ecoli_mg1655_p000046	KO	K00287
ecoli_mg1655	ecoli_mg1655_p000050	KO	K00097
ecoli_mg1655	ecoli_mg1655_p000052	KO	K04744
ecoli_mg1655	ecoli_mg1655_p000057	KO	K03077
ecoli_mg1655	ecoli_mg1655_p000058	KO	K01804
ecoli_mg1655	ecoli_mg1655_p000059	KO	K00853
ecoli_mg1655	ecoli_mg1655_p000066	KO	K01704
ecoli_mg1655	ecoli_mg1655_p000067	KO	K01703
ecoli_mg1655	ecoli_mg1655_p000068	KO	K00052
ecoli_mg1655	ecoli_mg1655_p000069	KO	K01649
ecoli_mg1655	ecoli_mg1655_p000099	KO	K02650
ecoli_mg1655	ecoli_mg1655_p000100	KO	K00767
ecoli_mg1655	ecoli_mg1655_p000105	KO	K00163
ecoli_mg1655	ecoli_mg1655_p000106	KO	K00627
ecoli_mg1655	ecoli_mg1655_p000107	KO	K00382
ecoli_mg1655	ecoli_mg1655_p000109	KO	K01682
ecoli_mg1655	ecoli_mg1655_p000122	KO	K01579
ecoli_mg1655	ecoli_mg1655_p000124	KO	K01918
ecoli_mg1655	ecoli_mg1655_p000125	KO	K00606
ecoli_mg1655	ecoli_mg1655_p000133	KO	K00950
ecoli_mg1655	ecoli_mg1655_p000156	KO	K00674
ecoli_mg1655	ecoli_mg1655_p000196	KO	K01069
ecoli_mg1655	ecoli_mg1655_p000199	KO	K09951
ecoli_mg1655	ecoli_mg1655_p000219	KO	K00931
ecoli_mg1655	ecoli_mg1655_p000220	KO	K00147
ecoli_mg1655	ecoli_mg1655_p000239	KO	K01714
ecoli_mg1655	ecoli_mg1655_p000242	KO	K01198
ecoli_mg1655	ecoli_mg1655_p000244	KO	K00611
ecoli_mg1655	ecoli_mg1655_p000276	KO	K00108
ecoli_mg1655	ecoli_mg1655_p000277	KO	K00130
ecoli_mg1655	ecoli_mg1655_p000287	KO	K00926
ecoli_mg1655	ecoli_mg1655_p000296	KO	K01659
ecoli_mg1655	ecoli_mg1655_p000310	KO	K05712
ecoli_mg1655	ecoli_mg1655_p000311	KO	K05713
ecoli_mg1655	ecoli_mg1655_p000312	KO	K05714
ecoli_mg1655	ecoli_mg1655_p000313	KO	K02554
ecoli_mg1655	ecoli_mg1655_p000314	KO	K04073
ecoli_mg1655	ecoli_mg1655_p000315	KO	K01666
ecoli_mg1655	ecoli_mg1655_p000326	KO	K15551
ecoli_mg1655	ecoli_mg1655_p000327	KO	K10831
ecoli_mg1655	ecoli_mg1655_p000328	KO	K15552
ecoli_mg1655	ecoli_mg1655_p000329	KO	K03119
ecoli_mg1655	ecoli_mg1655_p000344	KO	K00286
ecoli_mg1655	ecoli_mg1655_p000346	KO	K00891
ecoli_mg1655	ecoli_mg1655_p000355	KO	K07657
ecoli_mg1655	ecoli_mg1655_p000356	KO	K07636
ecoli_mg1655	ecoli_mg1655_p000370	KO	K11752
ecoli_mg1655	ecoli_mg1655_p000371	KO	K00794
ecoli_mg1655	ecoli_mg1655_p000381	KO	K00077
ecoli_mg1655	ecoli_mg1655_p000430	KO	K01772
ecoli_mg1655	ecoli_mg1655_p000456	KO	K01483
ecoli_mg1655	ecoli_mg1655_p000458	KO	K01652
ecoli_mg1655	ecoli_mg1655_p000462	KO	K01466
ecoli_mg1655	ecoli_mg1655_p000465	KO	K14977
ecoli_mg1655	ecoli_mg1655_p000470	KO	K00926
ecoli_mg1655	ecoli_mg1655_p000471	KO	K01589
ecoli_mg1655	ecoli_mg1655_p000472	KO	K01588
ecoli_mg1655	ecoli_mg1655_p000524	KO	K02362
ecoli_mg1655	ecoli_mg1655_p000527	KO	K02364
ecoli_mg1655	ecoli_mg1655_p000534	KO	K02361
ecoli_mg1655	ecoli_mg1655_p000535	KO	K02363
ecoli_mg1655	ecoli_mg1655_p000536	KO	K01252
ecoli_mg1655	ecoli_mg1655_p000537	KO	K00216
ecoli_mg1655	ecoli_mg1655_p000538	KO	K19222
ecoli_mg1655	ecoli_mg1655_p000547	KO	K03387
ecoli_mg1655	ecoli_mg1655_p000555	KO	K01643
ecoli_mg1655	ecoli_mg1655_p000556	KO	K01644
ecoli_mg1655	ecoli_mg1655_p000557	KO	K01646
ecoli_mg1655	ecoli_mg1655_p000558	KO	K01910
ecoli_mg1655	ecoli_mg1655_p000576	KO	K02226
ecoli_mg1655	ecoli_mg1655_p000577	KO	K00969
ecoli_mg1655	ecoli_mg1655_p000579	KO	K03643
ecoli_mg1655	ecoli_mg1655_p000601	KO	K01953
ecoli_mg1655	ecoli_mg1655_p000604	KO	K01443
ecoli_mg1655	ecoli_mg1655_p000605	KO	K02564
ecoli_mg1655	ecoli_mg1655_p000606	KO	K02804
ecoli_mg1655	ecoli_mg1655_p000642	KO	K01647
ecoli_mg1655	ecoli_mg1655_p000645	KO	K00239
ecoli_mg1655	ecoli_mg1655_p000646	KO	K00240
ecoli_mg1655	ecoli_mg1655_p000647	KO	K00164
ecoli_mg1655	ecoli_mg1655_p000648	KO	K00658
ecoli_mg1655	ecoli_mg1655_p000649	KO	K01903
ecoli_mg1655	ecoli_mg1655_p000650	KO	K01902
ecoli_mg1655	ecoli_mg1655_p000664	KO	K03517
ecoli_mg1655	ecoli_mg1655_p000668	KO	K01626
ecoli_mg1655	ecoli_mg1655_p000670	KO	K01785
ecoli_mg1655	ecoli_mg1655_p000671	KO	K00849
ecoli_mg1655	ecoli_mg1655_p000672	KO	K00965
ecoli_mg1655	ecoli_mg1655_p000673	KO	K01784
ecoli_mg1655	ecoli_mg1655_p000686	KO	K01051
ecoli_mg1655	ecoli_mg1655_p000688	KO	K00833
ecoli_mg1655	ecoli_mg1655_p000689	KO	K01012
ecoli_mg1655	ecoli_mg1655_p000690	KO	K00652
ecoli_mg1655	ecoli_mg1655_p000692	KO	K01935
ecoli_mg1655	ecoli_mg1655_p000737	KO	K04069
ecoli_mg1655	ecoli_mg1655_p000757	KO	K20861
ecoli_mg1655	ecoli_mg1655_p000814	KO	K04069
ecoli_mg1655	ecoli_mg1655_p000815	KO	K00656
ecoli_mg1655	ecoli_mg1655_p000819	KO	K00831
ecoli_mg1655	ecoli_mg1655_p000820	KO	K00800
ecoli_mg1655	ecoli_mg1655_p000839	KO	K01069
ecoli_mg1655	ecoli_mg1655_p000840	KO	K00813
ecoli_mg1655	ecoli_mg1655_p000843	KO	K00763
ecoli_mg1655	ecoli_mg1655_p000857	KO	K00254
ecoli_mg1655	ecoli_mg1655_p000977	KO	K02387
ecoli_mg1655	ecoli_mg1655_p000978	KO	K02388
ecoli_mg1655	ecoli_mg1655_p000979	KO	K02390
ecoli_mg1655	ecoli_mg1655_p000980	KO	K02390
ecoli_mg1655	ecoli_mg1655_p000982	KO	K02391
ecoli_mg1655	ecoli_mg1655_p000982	KO	K02392
ecoli_mg1655	ecoli_mg1655_p000983	KO	K02393
ecoli_mg1655	ecoli_mg1655_p000984	KO	K02394
ecoli_mg1655	ecoli_mg1655_p000986	KO	K02396
ecoli_mg1655	ecoli_mg1655_p000987	KO	K02397
ecoli_mg1655	ecoli_mg1655_p001000	KO	K02619
ecoli_mg1655	ecoli_mg1655_p001011	KO	K01207
ecoli_mg1655	ecoli_mg1655_p001023	KO	K28207
ecoli_mg1655	ecoli_mg1655_p001035	KO	K01756
ecoli_mg1655	ecoli_mg1655_p001040	KO	K00031
ecoli_mg1655	ecoli_mg1655_p001132	KO	K04072
ecoli_mg1655	ecoli_mg1655_p001150	KO	K01695
ecoli_mg1655	ecoli_mg1655_p001151	KO	K01696
ecoli_mg1655	ecoli_mg1655_p001152	KO	K13498
ecoli_mg1655	ecoli_mg1655_p001153	KO	K00766
ecoli_mg1655	ecoli_mg1655_p001153	KO	K13497
ecoli_mg1655	ecoli_mg1655_p001154	KO	K01657
ecoli_mg1655	ecoli_mg1655_p001160	KO	K19221
ecoli_mg1655	ecoli_mg1655_p001166	KO	K27802
ecoli_mg1655	ecoli_mg1655_p001167	KO	K01497
ecoli_mg1655	ecoli_mg1655_p001171	KO	K01591
ecoli_mg1655	ecoli_mg1655_p001187	KO	K01915
ecoli_mg1655	ecoli_mg1655_p001259	KO	K03737
ecoli_mg1655	ecoli_mg1655_p001268	KO	K02618
ecoli_mg1655	ecoli_mg1655_p001269	KO	K02609
ecoli_mg1655	ecoli_mg1655_p001270	KO	K02610
ecoli_mg1655	ecoli_mg1655_p001271	KO	K02611
ecoli_mg1655	ecoli_mg1655_p001272	KO	K02612
ecoli_mg1655	ecoli_mg1655_p001273	KO	K02613
ecoli_mg1655	ecoli_mg1655_p001275	KO	K15866
ecoli_mg1655	ecoli_mg1655_p001276	KO	K00074
ecoli_mg1655	ecoli_mg1655_p001278	KO	K02615
ecoli_mg1655	ecoli_mg1655_p001279	KO	K01912
ecoli_mg1655	ecoli_mg1655_p001294	KO	K07248
ecoli_mg1655	ecoli_mg1655_p001298	KO	K03406
ecoli_mg1655	ecoli_mg1655_p001298	KO	K05876
ecoli_mg1655	ecoli_mg1655_p001334	KO	K01821
ecoli_mg1655	ecoli_mg1655_p001363	KO	K01580
ecoli_mg1655	ecoli_mg1655_p001390	KO	K08324
ecoli_mg1655	ecoli_mg1655_p001407	KO	K00040
ecoli_mg1655	ecoli_mg1655_p001438	KO	K01198
ecoli_mg1655	ecoli_mg1655_p001438	KO	K08323
ecoli_mg1655	ecoli_mg1655_p001450	KO	K01935
ecoli_mg1655	ecoli_mg1655_p001468	KO	K01679
ecoli_mg1655	ecoli_mg1655_p001469	KO	K01676
ecoli_mg1655	ecoli_mg1655_p001479	KO	K14155
ecoli_mg1655	ecoli_mg1655_p001495	KO	K00275
ecoli_mg1655	ecoli_mg1655_p001502	KO	K04565
ecoli_mg1655	ecoli_mg1655_p001506	KO	K01759
ecoli_mg1655	ecoli_mg1655_p001511	KO	K04564
ecoli_mg1655	ecoli_mg1655_p001516	KO	K00793
ecoli_mg1655	ecoli_mg1655_p001537	KO	K19222
ecoli_mg1655	ecoli_mg1655_p001543	KO	K05887
ecoli_mg1655	ecoli_mg1655_p001544	KO	K03785
ecoli_mg1655	ecoli_mg1655_p001545	KO	K01026
ecoli_mg1655	ecoli_mg1655_p001555	KO	K01626
ecoli_mg1655	ecoli_mg1655_p001588	KO	K01916
ecoli_mg1655	ecoli_mg1655_p001596	KO	K00821
ecoli_mg1655	ecoli_mg1655_p001609	KO	K00262
ecoli_mg1655	ecoli_mg1655_p001650	KO	K22443
ecoli_mg1655	ecoli_mg1655_p001651	KO	K22444
ecoli_mg1655	ecoli_mg1655_p001660	KO	K01665
ecoli_mg1655	ecoli_mg1655_p001696	KO	K08289
ecoli_mg1655	ecoli_mg1655_p001697	KO	K01625
ecoli_mg1655	ecoli_mg1655_p001712	KO	K08310
ecoli_mg1655	ecoli_mg1655_p001725	KO	K02400
ecoli_mg1655	ecoli_mg1655_p001726	KO	K02401
ecoli_mg1655	ecoli_mg1655_p001727	KO	K03414
ecoli_mg1655	ecoli_mg1655_p001728	KO	K03413
ecoli_mg1655	ecoli_mg1655_p001729	KO	K03412
ecoli_mg1655	ecoli_mg1655_p001730	KO	K00575
ecoli_mg1655	ecoli_mg1655_p001731	KO	K03406
ecoli_mg1655	ecoli_mg1655_p001731	KO	K05877
ecoli_mg1655	ecoli_mg1655_p001732	KO	K03406
ecoli_mg1655	ecoli_mg1655_p001732	KO	K05874
ecoli_mg1655	ecoli_mg1655_p001732	KO	K05875
ecoli_mg1655	ecoli_mg1655_p001733	KO	K03408
ecoli_mg1655	ecoli_mg1655_p001734	KO	K03407
ecoli_mg1655	ecoli_mg1655_p001735	KO	K02557
ecoli_mg1655	ecoli_mg1655_p001736	KO	K02556
ecoli_mg1655	ecoli_mg1655_p001744	KO	K10539
ecoli_mg1655	ecoli_mg1655_p001745	KO	K10537
ecoli_mg1655	ecoli_mg1655_p001764	KO	K02406
ecoli_mg1655	ecoli_mg1655_p001765	KO	K02407
ecoli_mg1655	ecoli_mg1655_p001768	KO	K01176
ecoli_mg1655	ecoli_mg1655_p001773	KO	K02408
ecoli_mg1655	ecoli_mg1655_p001774	KO	K02409
ecoli_mg1655	ecoli_mg1655_p001775	KO	K02410
ecoli_mg1655	ecoli_mg1655_p001776	KO	K02411
ecoli_mg1655	ecoli_mg1655_p001777	KO	K02412
ecoli_mg1655	ecoli_mg1655_p001781	KO	K02416
ecoli_mg1655	ecoli_mg1655_p001782	KO	K02417
ecoli_mg1655	ecoli_mg1655_p001784	KO	K02419
ecoli_mg1655	ecoli_mg1655_p001785	KO	K02420
ecoli_mg1655	ecoli_mg1655_p001786	KO	K02421
ecoli_mg1655	ecoli_mg1655_p001802	KO	K07127
ecoli_mg1655	ecoli_mg1655_p001816	KO	K00768
ecoli_mg1655	ecoli_mg1655_p001817	KO	K02233
ecoli_mg1655	ecoli_mg1655_p001818	KO	K02231
ecoli_mg1655	ecoli_mg1655_p001838	KO	K00765
ecoli_mg1655	ecoli_mg1655_p001839	KO	K00013
ecoli_mg1655	ecoli_mg1655_p001840	KO	K00817
ecoli_mg1655	ecoli_mg1655_p001841	KO	K01089
ecoli_mg1655	ecoli_mg1655_p001841	KO	K01693
ecoli_mg1655	ecoli_mg1655_p001842	KO	K02501
ecoli_mg1655	ecoli_mg1655_p001843	KO	K01814
ecoli_mg1655	ecoli_mg1655_p001844	KO	K02500
ecoli_mg1655	ecoli_mg1655_p001845	KO	K11755
ecoli_mg1655	ecoli_mg1655_p001876	KO	K00640
ecoli_mg1655	ecoli_mg1655_p001916	KO	K00941
ecoli_mg1655	ecoli_mg1655_p001917	KO	K00878
ecoli_mg1655	ecoli_mg1655_p001960	KO	K01495
ecoli_mg1655	ecoli_mg1655_p001979	KO	K00040
ecoli_mg1655	ecoli_mg1655_p002014	KO	K00116
ecoli_mg1655	ecoli_mg1655_p002028	KO	K00626
ecoli_mg1655	ecoli_mg1655_p002061	KO	K01911
ecoli_mg1655	ecoli_mg1655_p002062	KO	K02549
ecoli_mg1655	ecoli_mg1655_p002063	KO	K01661
ecoli_mg1655	ecoli_mg1655_p002064	KO	K08680
ecoli_mg1655	ecoli_mg1655_p002065	KO	K02551
ecoli_mg1655	ecoli_mg1655_p002066	KO	K02552
ecoli_mg1655	ecoli_mg1655_p002091	KO	K14260
ecoli_mg1655	ecoli_mg1655_p002097	KO	K00925
ecoli_mg1655	ecoli_mg1655_p002098	KO	K13788
ecoli_mg1655	ecoli_mg1655_p002113	KO	K00764
ecoli_mg1655	ecoli_mg1655_p002116	KO	K11754
ecoli_mg1655	ecoli_mg1655_p002120	KO	K00133
ecoli_mg1655	ecoli_mg1655_p002121	KO	K03473
ecoli_mg1655	ecoli_mg1655_p002130	KO	K01736
ecoli_mg1655	ecoli_mg1655_p002173	KO	K14261
ecoli_mg1655	ecoli_mg1655_p002201	KO	K01738
ecoli_mg1655	ecoli_mg1655_p002222	KO	K00228
ecoli_mg1655	ecoli_mg1655_p002254	KO	K00266
ecoli_mg1655	ecoli_mg1655_p002258	KO	K01439
ecoli_mg1655	ecoli_mg1655_p002262	KO	K01923
ecoli_mg1655	ecoli_mg1655_p002264	KO	K01714
ecoli_mg1655	ecoli_mg1655_p002285	KO	K01933
ecoli_mg1655	ecoli_mg1655_p002286	KO	K11175
ecoli_mg1655	ecoli_mg1655_p002293	KO	K01951
ecoli_mg1655	ecoli_mg1655_p002294	KO	K00088
ecoli_mg1655	ecoli_mg1655_p002323	KO	K05708
ecoli_mg1655	ecoli_mg1655_p002324	KO	K05709
ecoli_mg1655	ecoli_mg1655_p002326	KO	K05711
ecoli_mg1655	ecoli_mg1655_p002329	KO	K01785
ecoli_mg1655	ecoli_mg1655_p002336	KO	K00600
ecoli_mg1655	ecoli_mg1655_p002348	KO	K03474
ecoli_mg1655	ecoli_mg1655_p002358	KO	K00278
ecoli_mg1655	ecoli_mg1655_p002378	KO	K14170
ecoli_mg1655	ecoli_mg1655_p002379	KO	K14187
ecoli_mg1655	ecoli_mg1655_p002380	KO	K01626
ecoli_mg1655	ecoli_mg1655_p002419	KO	K00135
ecoli_mg1655	ecoli_mg1655_p002498	KO	K00860
ecoli_mg1655	ecoli_mg1655_p002499	KO	K00956
ecoli_mg1655	ecoli_mg1655_p002500	KO	K00957
ecoli_mg1655	ecoli_mg1655_p002502	KO	K09951
ecoli_mg1655	ecoli_mg1655_p002503	KO	K15342
ecoli_mg1655	ecoli_mg1655_p002504	KO	K19126
ecoli_mg1655	ecoli_mg1655_p002505	KO	K19125
ecoli_mg1655	ecoli_mg1655_p002506	KO	K19124
ecoli_mg1655	ecoli_mg1655_p002507	KO	K19046
ecoli_mg1655	ecoli_mg1655_p002508	KO	K19123
ecoli_mg1655	ecoli_mg1655_p002509	KO	K07012
ecoli_mg1655	ecoli_mg1655_p002511	KO	K00381
ecoli_mg1655	ecoli_mg1655_p002512	KO	K00380
ecoli_mg1655	ecoli_mg1655_p002526	KO	K01937
ecoli_mg1655	ecoli_mg1655_p002545	KO	K00048
ecoli_mg1655	ecoli_mg1655_p002546	KO	K01628
ecoli_mg1655	ecoli_mg1655_p002548	KO	K01818
ecoli_mg1655	ecoli_mg1655_p002549	KO	K00879
ecoli_mg1655	ecoli_mg1655_p002561	KO	K14682
ecoli_mg1655	ecoli_mg1655_p002581	KO	K01586
ecoli_mg1655	ecoli_mg1655_p002585	KO	K00065
ecoli_mg1655	ecoli_mg1655_p002586	KO	K01815
ecoli_mg1655	ecoli_mg1655_p002587	KO	K00626
ecoli_mg1655	ecoli_mg1655_p002606	KO	K00926
ecoli_mg1655	ecoli_mg1655_p002617	KO	K00266
ecoli_mg1655	ecoli_mg1655_p002642	KO	K00058
ecoli_mg1655	ecoli_mg1655_p002655	KO	K03472
ecoli_mg1655	ecoli_mg1655_p002691	KO	K02462
ecoli_mg1655	ecoli_mg1655_p002693	KO	K02654
ecoli_mg1655	ecoli_mg1655_p002695	KO	K01638
ecoli_mg1655	ecoli_mg1655_p002748	KO	K02858
ecoli_mg1655	ecoli_mg1655_p002764	KO	K01633
ecoli_mg1655	ecoli_mg1655_p002777	KO	K03406
ecoli_mg1655	ecoli_mg1655_p002777	KO	K03776
ecoli_mg1655	ecoli_mg1655_p002793	KO	K01685
ecoli_mg1655	ecoli_mg1655_p002794	KO	K01812
ecoli_mg1655	ecoli_mg1655_p002811	KO	K00925
ecoli_mg1655	ecoli_mg1655_p002811	KO	K00932
ecoli_mg1655	ecoli_mg1655_p002813	KO	K01754
ecoli_mg1655	ecoli_mg1655_p002833	KO	K02564
ecoli_mg1655	ecoli_mg1655_p002863	KO	K01940
ecoli_mg1655	ecoli_mg1655_p002867	KO	K00796
ecoli_mg1655	ecoli_mg1655_p002889	KO	K11719
ecoli_mg1655	ecoli_mg1655_p002890	KO	K09774
ecoli_mg1655	ecoli_mg1655_p002891	KO	K06861
ecoli_mg1655	ecoli_mg1655_p002901	KO	K00265
ecoli_mg1655	ecoli_mg1655_p002902	KO	K00266
ecoli_mg1655	ecoli_mg1655_p002910	KO	K00885
ecoli_mg1655	ecoli_mg1655_p002911	KO	K01788
ecoli_mg1655	ecoli_mg1655_p002913	KO	K01639
ecoli_mg1655	ecoli_mg1655_p002957	KO	K00014
ecoli_mg1655	ecoli_mg1655_p002997	KO	K02452
ecoli_mg1655	ecoli_mg1655_p002998	KO	K02453
ecoli_mg1655	ecoli_mg1655_p002999	KO	K02454
ecoli_mg1655	ecoli_mg1655_p003000	KO	K02455
ecoli_mg1655	ecoli_mg1655_p003001	KO	K02456
ecoli_mg1655	ecoli_mg1655_p003002	KO	K02457
ecoli_mg1655	ecoli_mg1655_p003003	KO	K02458
ecoli_mg1655	ecoli_mg1655_p003004	KO	K02459
ecoli_mg1655	ecoli_mg1655_p003005	KO	K02460
ecoli_mg1655	ecoli_mg1655_p003006	KO	K02461
ecoli_mg1655	ecoli_mg1655_p003007	KO	K02462
ecoli_mg1655	ecoli_mg1655_p003008	KO	K02654
ecoli_mg1655	ecoli_mg1655_p003011	KO	K13381
ecoli_mg1655	ecoli_mg1655_p003032	KO	K00821
ecoli_mg1655	ecoli_mg1655_p003033	KO	K01658
ecoli_mg1655	ecoli_mg1655_p003038	KO	K00362
ecoli_mg1655	ecoli_mg1655_p003039	KO	K00363
ecoli_mg1655	ecoli_mg1655_p003040	KO	K02302
ecoli_mg1655	ecoli_mg1655_p003040	KO	K02303
ecoli_mg1655	ecoli_mg1655_p003040	KO	K24866
ecoli_mg1655	ecoli_mg1655_p003058	KO	K01735
ecoli_mg1655	ecoli_mg1655_p003093	KO	K00133
ecoli_mg1655	ecoli_mg1655_p003167	KO	K01580
ecoli_mg1655	ecoli_mg1655_p003176	KO	K00874
ecoli_mg1655	ecoli_mg1655_p003210	KO	K00854
ecoli_mg1655	ecoli_mg1655_p003211	KO	K01805
ecoli_mg1655	ecoli_mg1655_p003212	KO	K10543
ecoli_mg1655	ecoli_mg1655_p003213	KO	K10545
ecoli_mg1655	ecoli_mg1655_p003214	KO	K10544
ecoli_mg1655	ecoli_mg1655_p003216	KO	K01176
ecoli_mg1655	ecoli_mg1655_p003226	KO	K03077
ecoli_mg1655	ecoli_mg1655_p003248	KO	K00640
ecoli_mg1655	ecoli_mg1655_p003283	KO	K00762
ecoli_mg1655	ecoli_mg1655_p003310	KO	K01652
ecoli_mg1655	ecoli_mg1655_p003329	KO	K21064
ecoli_mg1655	ecoli_mg1655_p003339	KO	K01667
ecoli_mg1655	ecoli_mg1655_p003354	KO	K02039
ecoli_mg1655	ecoli_mg1655_p003355	KO	K02036
ecoli_mg1655	ecoli_mg1655_p003356	KO	K02038
ecoli_mg1655	ecoli_mg1655_p003357	KO	K02037
ecoli_mg1655	ecoli_mg1655_p003358	KO	K02040
ecoli_mg1655	ecoli_mg1655_p003374	KO	K01914
ecoli_mg1655	ecoli_mg1655_p003387	KO	K01754
ecoli_mg1655	ecoli_mg1655_p003389	KO	K00053
ecoli_mg1655	ecoli_mg1655_p003394	KO	K02851
ecoli_mg1655	ecoli_mg1655_p003403	KO	K02496
ecoli_mg1655	ecoli_mg1655_p003407	KO	K01778
ecoli_mg1655	ecoli_mg1655_p003410	KO	K20862
ecoli_mg1655	ecoli_mg1655_p003419	KO	K00549
ecoli_mg1655	ecoli_mg1655_p003432	KO	K00230
ecoli_mg1655	ecoli_mg1655_p003443	KO	K02495
ecoli_mg1655	ecoli_mg1655_p003446	KO	K01915
ecoli_mg1655	ecoli_mg1655_p003453	KO	K01785
ecoli_mg1655	ecoli_mg1655_p003476	KO	K01629
ecoli_mg1655	ecoli_mg1655_p003477	KO	K00848
ecoli_mg1655	ecoli_mg1655_p003481	KO	K04564
ecoli_mg1655	ecoli_mg1655_p003501	KO	K02548
ecoli_mg1655	ecoli_mg1655_p003511	KO	K12525
ecoli_mg1655	ecoli_mg1655_p003513	KO	K03782
ecoli_mg1655	ecoli_mg1655_p003521	KO	K04069
ecoli_mg1655	ecoli_mg1655_p003526	KO	K01438
ecoli_mg1655	ecoli_mg1655_p003527	KO	K00145
ecoli_mg1655	ecoli_mg1655_p003528	KO	K00930
ecoli_mg1655	ecoli_mg1655_p003529	KO	K01755
ecoli_mg1655	ecoli_mg1655_p003550	KO	K03150
ecoli_mg1655	ecoli_mg1655_p003551	KO	K03149
ecoli_mg1655	ecoli_mg1655_p003553	KO	K00788
ecoli_mg1655	ecoli_mg1655_p003554	KO	K03147
ecoli_mg1655	ecoli_mg1655_p003556	KO	K01599
ecoli_mg1655	ecoli_mg1655_p003564	KO	K01945
ecoli_mg1655	ecoli_mg1655_p003565	KO	K00602
ecoli_mg1655	ecoli_mg1655_p003568	KO	K00651
ecoli_mg1655	ecoli_mg1655_p003569	KO	K01638
ecoli_mg1655	ecoli_mg1655_p003570	KO	K01637
ecoli_mg1655	ecoli_mg1655_p003574	KO	K00548
ecoli_mg1655	ecoli_mg1655_p003579	KO	K00928
ecoli_mg1655	ecoli_mg1655_p003608	KO	K00832
ecoli_mg1655	ecoli_mg1655_p003672	KO	K01676
ecoli_mg1655	ecoli_mg1655_p003699	KO	K01467
ecoli_mg1655	ecoli_mg1655_p003702	KO	K00240
ecoli_mg1655	ecoli_mg1655_p003702	KO	K00245
ecoli_mg1655	ecoli_mg1655_p003703	KO	K00239
ecoli_mg1655	ecoli_mg1655_p003703	KO	K00244
ecoli_mg1655	ecoli_mg1655_p003723	KO	K01939
ecoli_mg1655	ecoli_mg1655_p003744	KO	K03077
ecoli_mg1655	ecoli_mg1655_p003785	KO	K00609
ecoli_mg1655	ecoli_mg1655_p003792	KO	K00611
ecoli_mg1655	ecoli_mg1655_p003797	KO	K07091
ecoli_mg1655	ecoli_mg1655_p003798	KO	K11720
ecoli_mg1655	ecoli_mg1655_p003824	KO	K01714
ecoli_mg1655	ecoli_mg1655_p003847	KO	K01686
ecoli_mg1655	ecoli_mg1655_p003848	KO	K00040
ecoli_mg1655	ecoli_mg1655_p003868	KO	K01154
ecoli_mg1655	ecoli_mg1655_p003869	KO	K03427
ecoli_mg1655	ecoli_mg1655_p003870	KO	K01153
ecoli_mg1655	ecoli_mg1655_p003875	KO	K03406
ecoli_mg1655	ecoli_mg1655_p003875	KO	K05874
ecoli_mg1655	ecoli_mg1655_p003894	KO	K04069
ecoli_mg1655	ecoli_mg1655_p003903	KO	K01079
ecoli_mg1655	ecoli_mg1655_p004093	KO	K02461
ecoli_mg1655	ecoli_mg1655_p004095	KO	K02452
ecoli_mg1655	ecoli_mg1655_p004117	KO	K03407
ecoli_mg1655	ecoli_mg1655_p004132	KO	K01652
ecoli_mg1655	ecoli_mg1655_p004139	KO	K00041
ecoli_mg1655	ecoli_mg1655_p004145	KO	K03781
ecoli_mg1655	ecoli_mg1655_p004150	KO	K10538
ecoli_mg1655	ecoli_mg1655_p004155	KO	K01952
ecoli_mg1655	ecoli_mg1655_p004178	KO	K26607
ecoli_mg1655	ecoli_mg1655_p004181	KO	K00656
ecoli_mg1655	ecoli_mg1655_p004190	KO	K00891
ecoli_mg1655	ecoli_mg1655_p004206	KO	K00835
ecoli_mg1655	ecoli_mg1655_p004214	KO	K02564
ecoli_mg1655	ecoli_mg1655_p004219	KO	K00826
ecoli_mg1655	ecoli_mg1655_p004220	KO	K01687
ecoli_mg1655	ecoli_mg1655_p004223	KO	K01791
ecoli_mg1655	ecoli_mg1655_p004239	KO	K03183
ecoli_mg1655	ecoli_mg1655_p004246	KO	K01813
btheta_vpi5482	btheta_vpi5482_p000056	KO	K00826
btheta_vpi5482	btheta_vpi5482_p000230	KO	K01676
btheta_vpi5482	btheta_vpi5482_p000256	KO	K01633
btheta_vpi5482	btheta_vpi5482_p000274	KO	K01591
btheta_vpi5482	btheta_vpi5482_p000277	KO	K01923
btheta_vpi5482	btheta_vpi5482_p000302	KO	K01579
btheta_vpi5482	btheta_vpi5482_p000372	KO	K06001
btheta_vpi5482	btheta_vpi5482_p000380	KO	K19222
btheta_vpi5482	btheta_vpi5482_p000382	KO	K01661
btheta_vpi5482	btheta_vpi5482_p000408	KO	K00765
btheta_vpi5482	btheta_vpi5482_p000430	KO	K00175
btheta_vpi5482	btheta_vpi5482_p000435	KO	K01804
btheta_vpi5482	btheta_vpi5482_p000446	KO	K00957
btheta_vpi5482	btheta_vpi5482_p000451	KO	K01912
btheta_vpi5482	btheta_vpi5482_p000456	KO	K06861
btheta_vpi5482	btheta_vpi5482_p000457	KO	K00088
btheta_vpi5482	btheta_vpi5482_p000465	KO	K01756
btheta_vpi5482	btheta_vpi5482_p000476	KO	K00024
btheta_vpi5482	btheta_vpi5482_p000478	KO	K03474
btheta_vpi5482	btheta_vpi5482_p000487	KO	K01495
btheta_vpi5482	btheta_vpi5482_p000489	KO	K04516
btheta_vpi5482	btheta_vpi5482_p000535	KO	K02564
btheta_vpi5482	btheta_vpi5482_p000541	KO	K01687
btheta_vpi5482	btheta_vpi5482_p000542	KO	K01652
btheta_vpi5482	btheta_vpi5482_p000544	KO	K00053
btheta_vpi5482	btheta_vpi5482_p000561	KO	K00969
btheta_vpi5482	btheta_vpi5482_p000571	KO	K03340
btheta_vpi5482	btheta_vpi5482_p000576	KO	K01740
btheta_vpi5482	btheta_vpi5482_p000598	KO	K04564
btheta_vpi5482	btheta_vpi5482_p000619	KO	K00609
btheta_vpi5482	btheta_vpi5482_p000620	KO	K00950
btheta_vpi5482	btheta_vpi5482_p000639	KO	K00041
btheta_vpi5482	btheta_vpi5482_p000641	KO	K11720
btheta_vpi5482	btheta_vpi5482_p000659	KO	K01714
btheta_vpi5482	btheta_vpi5482_p000669	KO	K21063
btheta_vpi5482	btheta_vpi5482_p000681	KO	K00240
btheta_vpi5482	btheta_vpi5482_p000682	KO	K00239
btheta_vpi5482	btheta_vpi5482_p000697	KO	K03786
btheta_vpi5482	btheta_vpi5482_p000705	KO	K03386
btheta_vpi5482	btheta_vpi5482_p000720	KO	K00798
btheta_vpi5482	btheta_vpi5482_p000771	KO	K00767
btheta_vpi5482	btheta_vpi5482_p000801	KO	K01686
btheta_vpi5482	btheta_vpi5482_p000802	KO	K09951
btheta_vpi5482	btheta_vpi5482_p000807	KO	K02500
btheta_vpi5482	btheta_vpi5482_p000808	KO	K11755
btheta_vpi5482	btheta_vpi5482_p000810	KO	K01586
btheta_vpi5482	btheta_vpi5482_p000817	KO	K09951
btheta_vpi5482	btheta_vpi5482_p000833	KO	K02564
btheta_vpi5482	btheta_vpi5482_p000847	KO	K00133
btheta_vpi5482	btheta_vpi5482_p000857	KO	K00625
btheta_vpi5482	btheta_vpi5482_p000858	KO	K00925
btheta_vpi5482	btheta_vpi5482_p000864	KO	K00762
btheta_vpi5482	btheta_vpi5482_p000874	KO	K00286
btheta_vpi5482	btheta_vpi5482_p000876	KO	K00145
btheta_vpi5482	btheta_vpi5482_p000877	KO	K01940
btheta_vpi5482	btheta_vpi5482_p000890	KO	K00602
btheta_vpi5482	btheta_vpi5482_p000897	KO	K03517
btheta_vpi5482	btheta_vpi5482_p000905	KO	K00950
btheta_vpi5482	btheta_vpi5482_p000910	KO	K01815
btheta_vpi5482	btheta_vpi5482_p000918	KO	K00640
btheta_vpi5482	btheta_vpi5482_p000931	KO	K00215
btheta_vpi5482	btheta_vpi5482_p000952	KO	K01685
btheta_vpi5482	btheta_vpi5482_p000953	KO	K00874
btheta_vpi5482	btheta_vpi5482_p000954	KO	K01625
btheta_vpi5482	btheta_vpi5482_p000961	KO	K00766
btheta_vpi5482	btheta_vpi5482_p000962	KO	K01658
btheta_vpi5482	btheta_vpi5482_p000968	KO	K00266
btheta_vpi5482	btheta_vpi5482_p000976	KO	K01937
btheta_vpi5482	btheta_vpi5482_p000979	KO	K01649
btheta_vpi5482	btheta_vpi5482_p000980	KO	K01703
btheta_vpi5482	btheta_vpi5482_p000981	KO	K01704
btheta_vpi5482	btheta_vpi5482_p000982	KO	K09011
btheta_vpi5482	btheta_vpi5482_p000986	KO	K01939
btheta_vpi5482	btheta_vpi5482_p001049	KO	K00831
btheta_vpi5482	btheta_vpi5482_p001051	KO	K01069
btheta_vpi5482	btheta_vpi5482_p001071	KO	K04069
btheta_vpi5482	btheta_vpi5482_p001079	KO	K02040
btheta_vpi5482	btheta_vpi5482_p001091	KO	K01588
btheta_vpi5482	btheta_vpi5482_p001125	KO	K07091
btheta_vpi5482	btheta_vpi5482_p001126	KO	K01497
btheta_vpi5482	btheta_vpi5482_p001126	KO	K14652
btheta_vpi5482	btheta_vpi5482_p001131	KO	K01740
btheta_vpi5482	btheta_vpi5482_p001147	KO	K02495
btheta_vpi5482	btheta_vpi5482_p001166	KO	K01206
btheta_vpi5482	btheta_vpi5482_p001194	KO	K01951
btheta_vpi5482	btheta_vpi5482_p001195	KO	K00651
btheta_vpi5482	btheta_vpi5482_p001205	KO	K09774
btheta_vpi5482	btheta_vpi5482_p001230	KO	K01206
btheta_vpi5482	btheta_vpi5482_p001306	KO	K01933
btheta_vpi5482	btheta_vpi5482_p001310	KO	K03183
btheta_vpi5482	btheta_vpi5482_p001333	KO	K00794
btheta_vpi5482	btheta_vpi5482_p001335	KO	K04486
btheta_vpi5482	btheta_vpi5482_p001338	KO	K01951
btheta_vpi5482	btheta_vpi5482_p001348	KO	K07405
btheta_vpi5482	btheta_vpi5482_p001350	KO	K01918
btheta_vpi5482	btheta_vpi5482_p001351	KO	K00266
btheta_vpi5482	btheta_vpi5482_p001353	KO	K01915
btheta_vpi5482	btheta_vpi5482_p001367	KO	K03643
btheta_vpi5482	btheta_vpi5482_p001411	KO	K01154
btheta_vpi5482	btheta_vpi5482_p001412	KO	K01154
btheta_vpi5482	btheta_vpi5482_p001430	KO	K00764
btheta_vpi5482	btheta_vpi5482_p001469	KO	K14155
btheta_vpi5482	btheta_vpi5482_p001479	KO	K01814
btheta_vpi5482	btheta_vpi5482_p001480	KO	K00928
btheta_vpi5482	btheta_vpi5482_p001493	KO	K00848
btheta_vpi5482	btheta_vpi5482_p001515	KO	K00602
btheta_vpi5482	btheta_vpi5482_p001521	KO	K01695
btheta_vpi5482	btheta_vpi5482_p001523	KO	K01609
btheta_vpi5482	btheta_vpi5482_p001525	KO	K01915
btheta_vpi5482	btheta_vpi5482_p001527	KO	K10206
btheta_vpi5482	btheta_vpi5482_p001528	KO	K01778
btheta_vpi5482	btheta_vpi5482_p001530	KO	K00764
btheta_vpi5482	btheta_vpi5482_p001567	KO	K02851
btheta_vpi5482	btheta_vpi5482_p001579	KO	K00640
btheta_vpi5482	btheta_vpi5482_p001629	KO	K01712
btheta_vpi5482	btheta_vpi5482_p001653	KO	K01443
btheta_vpi5482	btheta_vpi5482_p001660	KO	K00606
btheta_vpi5482	btheta_vpi5482_p001661	KO	K19271
btheta_vpi5482	btheta_vpi5482_p001662	KO	K08289
btheta_vpi5482	btheta_vpi5482_p001682	KO	K01915
btheta_vpi5482	btheta_vpi5482_p001684	KO	K01902
btheta_vpi5482	btheta_vpi5482_p001685	KO	K01903
btheta_vpi5482	btheta_vpi5482_p001687	KO	K00941
btheta_vpi5482	btheta_vpi5482_p001692	KO	K01812
btheta_vpi5482	btheta_vpi5482_p001694	KO	K01079
btheta_vpi5482	btheta_vpi5482_p001697	KO	K22391
btheta_vpi5482	btheta_vpi5482_p001701	KO	K02823
btheta_vpi5482	btheta_vpi5482_p001702	KO	K17828
btheta_vpi5482	btheta_vpi5482_p001810	KO	K01186
btheta_vpi5482	btheta_vpi5482_p001832	KO	K01785
btheta_vpi5482	btheta_vpi5482_p001834	KO	K03077
btheta_vpi5482	btheta_vpi5482_p001852	KO	K00382
btheta_vpi5482	btheta_vpi5482_p001889	KO	K02564
btheta_vpi5482	btheta_vpi5482_p001893	KO	K01465
btheta_vpi5482	btheta_vpi5482_p001894	KO	K00548
btheta_vpi5482	btheta_vpi5482_p001914	KO	K01089
btheta_vpi5482	btheta_vpi5482_p001915	KO	K00817
btheta_vpi5482	btheta_vpi5482_p001916	KO	K00013
btheta_vpi5482	btheta_vpi5482_p001925	KO	K00763
btheta_vpi5482	btheta_vpi5482_p001940	KO	K00262
btheta_vpi5482	btheta_vpi5482_p001968	KO	K00287
btheta_vpi5482	btheta_vpi5482_p001976	KO	K01736
btheta_vpi5482	btheta_vpi5482_p002016	KO	K01686
btheta_vpi5482	btheta_vpi5482_p002017	KO	K01686
btheta_vpi5482	btheta_vpi5482_p002023	KO	K00656
btheta_vpi5482	btheta_vpi5482_p002045	KO	K02549
btheta_vpi5482	btheta_vpi5482_p002046	KO	K02551
btheta_vpi5482	btheta_vpi5482_p002076	KO	K00048
btheta_vpi5482	btheta_vpi5482_p002077	KO	K01629
btheta_vpi5482	btheta_vpi5482_p002084	KO	K01755
btheta_vpi5482	btheta_vpi5482_p002087	KO	K11752
btheta_vpi5482	btheta_vpi5482_p002094	KO	K01176
btheta_vpi5482	btheta_vpi5482_p002118	KO	K01206
btheta_vpi5482	btheta_vpi5482_p002127	KO	K00796
btheta_vpi5482	btheta_vpi5482_p002155	KO	K01438
btheta_vpi5482	btheta_vpi5482_p002174	KO	K01804
btheta_vpi5482	btheta_vpi5482_p002196	KO	K01791
btheta_vpi5482	btheta_vpi5482_p002207	KO	K04069
btheta_vpi5482	btheta_vpi5482_p002247	KO	K19271
btheta_vpi5482	btheta_vpi5482_p002250	KO	K02557
btheta_vpi5482	btheta_vpi5482_p002307	KO	K00891
btheta_vpi5482	btheta_vpi5482_p002309	KO	K00930
btheta_vpi5482	btheta_vpi5482_p002357	KO	K00052
btheta_vpi5482	btheta_vpi5482_p002360	KO	K01738
btheta_vpi5482	btheta_vpi5482_p002363	KO	K01206
btheta_vpi5482	btheta_vpi5482_p002382	KO	K03737
btheta_vpi5482	btheta_vpi5482_p002386	KO	K01952
btheta_vpi5482	btheta_vpi5482_p002437	KO	K01759
btheta_vpi5482	btheta_vpi5482_p002494	KO	K01813
btheta_vpi5482	btheta_vpi5482_p002502	KO	K00793
btheta_vpi5482	btheta_vpi5482_p002503	KO	K02039
btheta_vpi5482	btheta_vpi5482_p002504	KO	K02036
btheta_vpi5482	btheta_vpi5482_p002505	KO	K02038
btheta_vpi5482	btheta_vpi5482_p002506	KO	K02040
btheta_vpi5482	btheta_vpi5482_p002516	KO	K02040
btheta_vpi5482	btheta_vpi5482_p002564	KO	K08363
btheta_vpi5482	btheta_vpi5482_p002583	KO	K00548
btheta_vpi5482	btheta_vpi5482_p002589	KO	K01950
btheta_vpi5482	btheta_vpi5482_p002613	KO	K01209
btheta_vpi5482	btheta_vpi5482_p002615	KO	K01785
btheta_vpi5482	btheta_vpi5482_p002622	KO	K01209
btheta_vpi5482	btheta_vpi5482_p002623	KO	K00849
btheta_vpi5482	btheta_vpi5482_p002639	KO	K00640
btheta_vpi5482	btheta_vpi5482_p002648	KO	K00956
btheta_vpi5482	btheta_vpi5482_p002686	KO	K01657
btheta_vpi5482	btheta_vpi5482_p002687	KO	K01696
btheta_vpi5482	btheta_vpi5482_p002691	KO	K01953
btheta_vpi5482	btheta_vpi5482_p002692	KO	K00265
btheta_vpi5482	btheta_vpi5482_p002693	KO	K01956
btheta_vpi5482	btheta_vpi5482_p002694	KO	K01955
btheta_vpi5482	btheta_vpi5482_p002702	KO	K01912
btheta_vpi5482	btheta_vpi5482_p002714	KO	K01791
btheta_vpi5482	btheta_vpi5482_p002727	KO	K01784
btheta_vpi5482	btheta_vpi5482_p002734	KO	K03150
btheta_vpi5482	btheta_vpi5482_p002735	KO	K03147
btheta_vpi5482	btheta_vpi5482_p002736	KO	K03149
btheta_vpi5482	btheta_vpi5482_p002737	KO	K00788
btheta_vpi5482	btheta_vpi5482_p002753	KO	K01443
btheta_vpi5482	btheta_vpi5482_p002773	KO	K00600
btheta_vpi5482	btheta_vpi5482_p002787	KO	K01805
btheta_vpi5482	btheta_vpi5482_p002937	KO	K01818
btheta_vpi5482	btheta_vpi5482_p002957	KO	K02037
btheta_vpi5482	btheta_vpi5482_p002961	KO	K00226
btheta_vpi5482	btheta_vpi5482_p002963	KO	K11754
btheta_vpi5482	btheta_vpi5482_p002965	KO	K02851
btheta_vpi5482	btheta_vpi5482_p002988	KO	K02501
btheta_vpi5482	btheta_vpi5482_p003017	KO	K01686
btheta_vpi5482	btheta_vpi5482_p003021	KO	K00833
btheta_vpi5482	btheta_vpi5482_p003021	KO	K01012
btheta_vpi5482	btheta_vpi5482_p003022	KO	K00652
btheta_vpi5482	btheta_vpi5482_p003025	KO	K01935
btheta_vpi5482	btheta_vpi5482_p003042	KO	K04486
btheta_vpi5482	btheta_vpi5482_p003050	KO	K01667
btheta_vpi5482	btheta_vpi5482_p003075	KO	K00259
btheta_vpi5482	btheta_vpi5482_p003084	KO	K00275
btheta_vpi5482	btheta_vpi5482_p003099	KO	K01206
btheta_vpi5482	btheta_vpi5482_p003125	KO	K01200
btheta_vpi5482	btheta_vpi5482_p003152	KO	K15923
btheta_vpi5482	btheta_vpi5482_p003185	KO	K01012
btheta_vpi5482	btheta_vpi5482_p003186	KO	K03150
btheta_vpi5482	btheta_vpi5482_p003202	KO	K00286
btheta_vpi5482	btheta_vpi5482_p003215	KO	K00262
btheta_vpi5482	btheta_vpi5482_p003216	KO	K03781
btheta_vpi5482	btheta_vpi5482_p003247	KO	K00031
btheta_vpi5482	btheta_vpi5482_p003262	KO	K01914
btheta_vpi5482	btheta_vpi5482_p003264	KO	K04744
btheta_vpi5482	btheta_vpi5482_p003359	KO	K01733
btheta_vpi5482	btheta_vpi5482_p003360	KO	K00928
btheta_vpi5482	btheta_vpi5482_p003360	KO	K12524
btheta_vpi5482	btheta_vpi5482_p003364	KO	K00812
btheta_vpi5482	btheta_vpi5482_p003369	KO	K01207
btheta_vpi5482	btheta_vpi5482_p003409	KO	K01580
btheta_vpi5482	btheta_vpi5482_p003473	KO	K01745
btheta_vpi5482	btheta_vpi5482_p003475	KO	K01468
btheta_vpi5482	btheta_vpi5482_p003516	KO	K01183
btheta_vpi5482	btheta_vpi5482_p003519	KO	K00174
btheta_vpi5482	btheta_vpi5482_p003520	KO	K00175
btheta_vpi5482	btheta_vpi5482_p003521	KO	K01785
btheta_vpi5482	btheta_vpi5482_p003605	KO	K01738
btheta_vpi5482	btheta_vpi5482_p003622	KO	K00077
btheta_vpi5482	btheta_vpi5482_p003645	KO	K15923
btheta_vpi5482	btheta_vpi5482_p003657	KO	K15923
btheta_vpi5482	btheta_vpi5482_p003664	KO	K00278
btheta_vpi5482	btheta_vpi5482_p003665	KO	K00382
btheta_vpi5482	btheta_vpi5482_p003678	KO	K01945
btheta_vpi5482	btheta_vpi5482_p003736	KO	K11175
btheta_vpi5482	btheta_vpi5482_p003737	KO	K03473
btheta_vpi5482	btheta_vpi5482_p003786	KO	K01785
btheta_vpi5482	btheta_vpi5482_p003788	KO	K01785
btheta_vpi5482	btheta_vpi5482_p003812	KO	K01443
btheta_vpi5482	btheta_vpi5482_p003828	KO	K01209
btheta_vpi5482	btheta_vpi5482_p003844	KO	K00147
btheta_vpi5482	btheta_vpi5482_p003845	KO	K00931
btheta_vpi5482	btheta_vpi5482_p003858	KO	K00848
btheta_vpi5482	btheta_vpi5482_p003875	KO	K01206
btheta_vpi5482	btheta_vpi5482_p003920	KO	K01735
btheta_vpi5482	btheta_vpi5482_p003960	KO	K01815
btheta_vpi5482	btheta_vpi5482_p003962	KO	K01051
btheta_vpi5482	btheta_vpi5482_p003979	KO	K01206
btheta_vpi5482	btheta_vpi5482_p003981	KO	K14155
btheta_vpi5482	btheta_vpi5482_p004098	KO	K17836
btheta_vpi5482	btheta_vpi5482_p004105	KO	K01153
btheta_vpi5482	btheta_vpi5482_p004106	KO	K03427
btheta_vpi5482	btheta_vpi5482_p004108	KO	K01154
btheta_vpi5482	btheta_vpi5482_p004111	KO	K01153
btheta_vpi5482	btheta_vpi5482_p004114	KO	K03427
btheta_vpi5482	btheta_vpi5482_p004115	KO	K01154
btheta_vpi5482	btheta_vpi5482_p004117	KO	K01154
btheta_vpi5482	btheta_vpi5482_p004151	KO	K15923
btheta_vpi5482	btheta_vpi5482_p004155	KO	K01200
btheta_vpi5482	btheta_vpi5482_p004156	KO	K01176
btheta_vpi5482	btheta_vpi5482_p004260	KO	K01206
btheta_vpi5482	btheta_vpi5482_p004343	KO	K01051
btheta_vpi5482	btheta_vpi5482_p004356	KO	K00254
btheta_vpi5482	btheta_vpi5482_p004365	KO	K03387
btheta_vpi5482	btheta_vpi5482_p004457	KO	K00800
btheta_vpi5482	btheta_vpi5482_p004497	KO	K04069
btheta_vpi5482	btheta_vpi5482_p004502	KO	K15923
btheta_vpi5482	btheta_vpi5482_p004530	KO	K15921
btheta_vpi5482	btheta_vpi5482_p004633	KO	K01209
bsubtilis_168	bsubtilis_168_p000009	KO	K00088
bsubtilis_168	bsubtilis_168_p000011	KO	K06215
bsubtilis_168	bsubtilis_168_p000012	KO	K08681
bsubtilis_168	bsubtilis_168_p000073	KO	K01738
bsubtilis_168	bsubtilis_168_p000074	KO	K01657
bsubtilis_168	bsubtilis_168_p000075	KO	K01658
bsubtilis_168	bsubtilis_168_p000076	KO	K02619
bsubtilis_168	bsubtilis_168_p000077	KO	K00796
bsubtilis_168	bsubtilis_168_p000078	KO	K01633
bsubtilis_168	bsubtilis_168_p000079	KO	K00950
bsubtilis_168	bsubtilis_168_p000093	KO	K00640
bsubtilis_168	bsubtilis_168_p000166	KO	K01207
bsubtilis_168	bsubtilis_168_p000204	KO	K17838
bsubtilis_168	bsubtilis_168_p000217	KO	K08289
bsubtilis_168	bsubtilis_168_p000229	KO	K02804
bsubtilis_168	bsubtilis_168_p000230	KO	K02564
bsubtilis_168	bsubtilis_168_p000233	KO	K00826
bsubtilis_168	bsubtilis_168_p000298	KO	K01176
bsubtilis_168	bsubtilis_168_p000299	KO	K00016
bsubtilis_168	bsubtilis_168_p000307	KO	K01916
bsubtilis_168	bsubtilis_168_p000309	KO	K00891
bsubtilis_168	bsubtilis_168_p000322	KO	K02303
bsubtilis_168	bsubtilis_168_p000322	KO	K13542
bsubtilis_168	bsubtilis_168_p000323	KO	K26138
bsubtilis_168	bsubtilis_168_p000324	KO	K26139
bsubtilis_168	bsubtilis_168_p000326	KO	K26139
bsubtilis_168	bsubtilis_168_p000328	KO	K09007
bsubtilis_168	bsubtilis_168_p000338	KO	K03406
bsubtilis_168	bsubtilis_168_p000384	KO	K00135
bsubtilis_168	bsubtilis_168_p000397	KO	K21064
bsubtilis_168	bsubtilis_168_p000426	KO	K01652
bsubtilis_168	bsubtilis_168_p000434	KO	K07217
bsubtilis_168	bsubtilis_168_p000624	KO	K01951
bsubtilis_168	bsubtilis_168_p000630	KO	K01588
bsubtilis_168	bsubtilis_168_p000631	KO	K01589
bsubtilis_168	bsubtilis_168_p000632	KO	K01756
bsubtilis_168	bsubtilis_168_p000633	KO	K01923
bsubtilis_168	bsubtilis_168_p000634	KO	K23264
bsubtilis_168	bsubtilis_168_p000635	KO	K23265
bsubtilis_168	bsubtilis_168_p000636	KO	K23269
bsubtilis_168	bsubtilis_168_p000637	KO	K00764
bsubtilis_168	bsubtilis_168_p000638	KO	K01933
bsubtilis_168	bsubtilis_168_p000639	KO	K11175
bsubtilis_168	bsubtilis_168_p000640	KO	K00602
bsubtilis_168	bsubtilis_168_p000641	KO	K01945
bsubtilis_168	bsubtilis_168_p000656	KO	K01426
bsubtilis_168	bsubtilis_168_p000700	KO	K22933
bsubtilis_168	bsubtilis_168_p000721	KO	K03406
bsubtilis_168	bsubtilis_168_p000739	KO	K01728
bsubtilis_168	bsubtilis_168_p000753	KO	K02804
bsubtilis_168	bsubtilis_168_p000790	KO	K00382
bsubtilis_168	bsubtilis_168_p000855	KO	K03147
bsubtilis_168	bsubtilis_168_p000858	KO	K03781
bsubtilis_168	bsubtilis_168_p000901	KO	K03851
bsubtilis_168	bsubtilis_168_p000932	KO	K11358
bsubtilis_168	bsubtilis_168_p000957	KO	K02495
bsubtilis_168	bsubtilis_168_p000974	KO	K00831
bsubtilis_168	bsubtilis_168_p000984	KO	K01599
bsubtilis_168	bsubtilis_168_p000985	KO	K01772
bsubtilis_168	bsubtilis_168_p000986	KO	K00231
bsubtilis_168	bsubtilis_168_p001009	KO	K03406
bsubtilis_168	bsubtilis_168_p001050	KO	K01953
bsubtilis_168	bsubtilis_168_p001061	KO	K00860
bsubtilis_168	bsubtilis_168_p001062	KO	K00958
bsubtilis_168	bsubtilis_168_p001071	KO	K24042
bsubtilis_168	bsubtilis_168_p001083	KO	K21064
bsubtilis_168	bsubtilis_168_p001088	KO	K00145
bsubtilis_168	bsubtilis_168_p001089	KO	K00620
bsubtilis_168	bsubtilis_168_p001090	KO	K00930
bsubtilis_168	bsubtilis_168_p001091	KO	K00821
bsubtilis_168	bsubtilis_168_p001094	KO	K00611
bsubtilis_168	bsubtilis_168_p001135	KO	K03153
bsubtilis_168	bsubtilis_168_p001137	KO	K03149
bsubtilis_168	bsubtilis_168_p001139	KO	K00941
bsubtilis_168	bsubtilis_168_p001154	KO	K01760
bsubtilis_168	bsubtilis_168_p001196	KO	K01812
bsubtilis_168	bsubtilis_168_p001200	KO	K01686
bsubtilis_168	bsubtilis_168_p001201	KO	K01686
bsubtilis_168	bsubtilis_168_p001204	KO	K00041
bsubtilis_168	bsubtilis_168_p001205	KO	K01685
bsubtilis_168	bsubtilis_168_p001215	KO	K07217
bsubtilis_168	bsubtilis_168_p001264	KO	K02549
bsubtilis_168	bsubtilis_168_p001278	KO	K00931
bsubtilis_168	bsubtilis_168_p001279	KO	K00147
bsubtilis_168	bsubtilis_168_p001284	KO	K00549
bsubtilis_168	bsubtilis_168_p001333	KO	K02557
bsubtilis_168	bsubtilis_168_p001334	KO	K02556
bsubtilis_168	bsubtilis_168_p001353	KO	K02804
bsubtilis_168	bsubtilis_168_p001359	KO	K03406
bsubtilis_168	bsubtilis_168_p001364	KO	K00841
bsubtilis_168	bsubtilis_168_p001381	KO	K05822
bsubtilis_168	bsubtilis_168_p001382	KO	K05823
bsubtilis_168	bsubtilis_168_p001385	KO	K03386
bsubtilis_168	bsubtilis_168_p001407	KO	K00077
bsubtilis_168	bsubtilis_168_p001423	KO	K00627
bsubtilis_168	bsubtilis_168_p001424	KO	K00382
bsubtilis_168	bsubtilis_168_p001474	KO	K00077
bsubtilis_168	bsubtilis_168_p001512	KO	K00609
bsubtilis_168	bsubtilis_168_p001513	KO	K01465
bsubtilis_168	bsubtilis_168_p001514	KO	K01956
bsubtilis_168	bsubtilis_168_p001515	KO	K01955
bsubtilis_168	bsubtilis_168_p001516	KO	K02823
bsubtilis_168	bsubtilis_168_p001517	KO	K17828
bsubtilis_168	bsubtilis_168_p001518	KO	K01591
bsubtilis_168	bsubtilis_168_p001519	KO	K00762
bsubtilis_168	bsubtilis_168_p001522	KO	K00958
bsubtilis_168	bsubtilis_168_p001523	KO	K00860
bsubtilis_168	bsubtilis_168_p001524	KO	K02303
bsubtilis_168	bsubtilis_168_p001525	KO	K03794
bsubtilis_168	bsubtilis_168_p001525	KO	K03795
bsubtilis_168	bsubtilis_168_p001526	KO	K24866
bsubtilis_168	bsubtilis_168_p001571	KO	K01903
bsubtilis_168	bsubtilis_168_p001572	KO	K01902
bsubtilis_168	bsubtilis_168_p001580	KO	K02387
bsubtilis_168	bsubtilis_168_p001581	KO	K02388
bsubtilis_168	bsubtilis_168_p001582	KO	K02408
bsubtilis_168	bsubtilis_168_p001583	KO	K02409
bsubtilis_168	bsubtilis_168_p001584	KO	K02410
bsubtilis_168	bsubtilis_168_p001585	KO	K02411
bsubtilis_168	bsubtilis_168_p001586	KO	K02412
bsubtilis_168	bsubtilis_168_p001591	KO	K02390
bsubtilis_168	bsubtilis_168_p001591	KO	K02391
bsubtilis_168	bsubtilis_168_p001593	KO	K02416
bsubtilis_168	bsubtilis_168_p001594	KO	K02417
bsubtilis_168	bsubtilis_168_p001594	KO	K03410
bsubtilis_168	bsubtilis_168_p001595	KO	K03413
bsubtilis_168	bsubtilis_168_p001597	KO	K02419
bsubtilis_168	bsubtilis_168_p001598	KO	K02420
bsubtilis_168	bsubtilis_168_p001599	KO	K02421
bsubtilis_168	bsubtilis_168_p001600	KO	K02401
bsubtilis_168	bsubtilis_168_p001601	KO	K02400
bsubtilis_168	bsubtilis_168_p001604	KO	K03412
bsubtilis_168	bsubtilis_168_p001605	KO	K03407
bsubtilis_168	bsubtilis_168_p001606	KO	K03408
bsubtilis_168	bsubtilis_168_p001607	KO	K03410
bsubtilis_168	bsubtilis_168_p001620	KO	K09951
bsubtilis_168	bsubtilis_168_p001636	KO	K00133
bsubtilis_168	bsubtilis_168_p001637	KO	K00928
bsubtilis_168	bsubtilis_168_p001638	KO	K01714
bsubtilis_168	bsubtilis_168_p001657	KO	K00652
bsubtilis_168	bsubtilis_168_p001701	KO	K01915
bsubtilis_168	bsubtilis_168_p001713	KO	K01198
bsubtilis_168	bsubtilis_168_p001715	KO	K01805
bsubtilis_168	bsubtilis_168_p001716	KO	K00854
bsubtilis_168	bsubtilis_168_p001755	KO	K27802
bsubtilis_168	bsubtilis_168_p001768	KO	K15921
bsubtilis_168	bsubtilis_168_p001774	KO	K01715
bsubtilis_168	bsubtilis_168_p001778	KO	K00248
bsubtilis_168	bsubtilis_168_p001788	KO	K01785
bsubtilis_168	bsubtilis_168_p001796	KO	K00266
bsubtilis_168	bsubtilis_168_p001797	KO	K00265
bsubtilis_168	bsubtilis_168_p001799	KO	K00931
bsubtilis_168	bsubtilis_168_p001800	KO	K00286
bsubtilis_168	bsubtilis_168_p001812	KO	K03406
bsubtilis_168	bsubtilis_168_p001816	KO	K01732
bsubtilis_168	bsubtilis_168_p001831	KO	K17836
bsubtilis_168	bsubtilis_168_p001880	KO	K00130
bsubtilis_168	bsubtilis_168_p001882	KO	K04564
bsubtilis_168	bsubtilis_168_p001885	KO	K00658
bsubtilis_168	bsubtilis_168_p001889	KO	K04565
bsubtilis_168	bsubtilis_168_p001917	KO	K01438
bsubtilis_168	bsubtilis_168_p002119	KO	K01754
bsubtilis_168	bsubtilis_168_p002123	KO	K00287
bsubtilis_168	bsubtilis_168_p002129	KO	K01687
bsubtilis_168	bsubtilis_168_p002133	KO	K00651
bsubtilis_168	bsubtilis_168_p002151	KO	K01625
bsubtilis_168	bsubtilis_168_p002152	KO	K00874
bsubtilis_168	bsubtilis_168_p002154	KO	K01815
bsubtilis_168	bsubtilis_168_p002155	KO	K00065
bsubtilis_168	bsubtilis_168_p002177	KO	K00812
bsubtilis_168	bsubtilis_168_p002180	KO	K09951
bsubtilis_168	bsubtilis_168_p002181	KO	K01579
bsubtilis_168	bsubtilis_168_p002182	KO	K01918
bsubtilis_168	bsubtilis_168_p002183	KO	K00606
bsubtilis_168	bsubtilis_168_p002189	KO	K00215
bsubtilis_168	bsubtilis_168_p002200	KO	K00800
bsubtilis_168	bsubtilis_168_p002201	KO	K04517
bsubtilis_168	bsubtilis_168_p002202	KO	K00817
bsubtilis_168	bsubtilis_168_p002202	KO	K04517
bsubtilis_168	bsubtilis_168_p002203	KO	K01695
bsubtilis_168	bsubtilis_168_p002204	KO	K01696
bsubtilis_168	bsubtilis_168_p002206	KO	K00766
bsubtilis_168	bsubtilis_168_p002207	KO	K01657
bsubtilis_168	bsubtilis_168_p002208	KO	K06208
bsubtilis_168	bsubtilis_168_p002209	KO	K01735
bsubtilis_168	bsubtilis_168_p002210	KO	K01736
bsubtilis_168	bsubtilis_168_p002211	KO	K00575
bsubtilis_168	bsubtilis_168_p002214	KO	K03183
bsubtilis_168	bsubtilis_168_p002217	KO	K01495
bsubtilis_168	bsubtilis_168_p002235	KO	K00260
bsubtilis_168	bsubtilis_168_p002245	KO	K00058
bsubtilis_168	bsubtilis_168_p002246	KO	K03785
bsubtilis_168	bsubtilis_168_p002249	KO	K07636
bsubtilis_168	bsubtilis_168_p002263	KO	K00794
bsubtilis_168	bsubtilis_168_p002264	KO	K01497
bsubtilis_168	bsubtilis_168_p002264	KO	K14652
bsubtilis_168	bsubtilis_168_p002265	KO	K00793
bsubtilis_168	bsubtilis_168_p002266	KO	K11752
bsubtilis_168	bsubtilis_168_p002274	KO	K01586
bsubtilis_168	bsubtilis_168_p002315	KO	K00286
bsubtilis_168	bsubtilis_168_p002340	KO	K00382
bsubtilis_168	bsubtilis_168_p002349	KO	K00248
bsubtilis_168	bsubtilis_168_p002350	KO	K00074
bsubtilis_168	bsubtilis_168_p002351	KO	K00626
bsubtilis_168	bsubtilis_168_p002381	KO	K03786
bsubtilis_168	bsubtilis_168_p002413	KO	K01069
bsubtilis_168	bsubtilis_168_p002428	KO	K02036
bsubtilis_168	bsubtilis_168_p002429	KO	K02036
bsubtilis_168	bsubtilis_168_p002430	KO	K02038
bsubtilis_168	bsubtilis_168_p002431	KO	K02037
bsubtilis_168	bsubtilis_168_p002432	KO	K02040
bsubtilis_168	bsubtilis_168_p002435	KO	K04564
bsubtilis_168	bsubtilis_168_p002482	KO	K02495
bsubtilis_168	bsubtilis_168_p002496	KO	K00969
bsubtilis_168	bsubtilis_168_p002498	KO	K00014
bsubtilis_168	bsubtilis_168_p002649	KO	K01760
bsubtilis_168	bsubtilis_168_p002649	KO	K17217
bsubtilis_168	bsubtilis_168_p002650	KO	K17216
bsubtilis_168	bsubtilis_168_p002706	KO	K03517
bsubtilis_168	bsubtilis_168_p002707	KO	K00767
bsubtilis_168	bsubtilis_168_p002708	KO	K00278
bsubtilis_168	bsubtilis_168_p002712	KO	K06209
bsubtilis_168	bsubtilis_168_p002728	KO	K02654
bsubtilis_168	bsubtilis_168_p002729	KO	K11754
bsubtilis_168	bsubtilis_168_p002746	KO	K01704
bsubtilis_168	bsubtilis_168_p002747	KO	K01703
bsubtilis_168	bsubtilis_168_p002748	KO	K00052
bsubtilis_168	bsubtilis_168_p002749	KO	K01649
bsubtilis_168	bsubtilis_168_p002750	KO	K00053
bsubtilis_168	bsubtilis_168_p002752	KO	K01652
bsubtilis_168	bsubtilis_168_p002764	KO	K00240
bsubtilis_168	bsubtilis_168_p002765	KO	K00239
bsubtilis_168	bsubtilis_168_p002768	KO	K00928
bsubtilis_168	bsubtilis_168_p002771	KO	K01209
bsubtilis_168	bsubtilis_168_p002792	KO	K01209
bsubtilis_168	bsubtilis_168_p002798	KO	K03077
bsubtilis_168	bsubtilis_168_p002799	KO	K00853
bsubtilis_168	bsubtilis_168_p002800	KO	K01804
bsubtilis_168	bsubtilis_168_p002813	KO	K25528
bsubtilis_168	bsubtilis_168_p002829	KO	K07636
bsubtilis_168	bsubtilis_168_p002830	KO	K07658
bsubtilis_168	bsubtilis_168_p002831	KO	K00024
bsubtilis_168	bsubtilis_168_p002832	KO	K00031
bsubtilis_168	bsubtilis_168_p002833	KO	K01659
bsubtilis_168	bsubtilis_168_p002863	KO	K01755
bsubtilis_168	bsubtilis_168_p002864	KO	K01940
bsubtilis_168	bsubtilis_168_p002866	KO	K00925
bsubtilis_168	bsubtilis_168_p002881	KO	K04486
bsubtilis_168	bsubtilis_168_p002891	KO	K02557
bsubtilis_168	bsubtilis_168_p002892	KO	K02556
bsubtilis_168	bsubtilis_168_p002894	KO	K13853
bsubtilis_168	bsubtilis_168_p002911	KO	K01200
bsubtilis_168	bsubtilis_168_p002915	KO	K01738
bsubtilis_168	bsubtilis_168_p002936	KO	K01012
bsubtilis_168	bsubtilis_168_p002937	KO	K01935
bsubtilis_168	bsubtilis_168_p002938	KO	K00652
bsubtilis_168	bsubtilis_168_p002939	KO	K00833
bsubtilis_168	bsubtilis_168_p002939	KO	K19563
bsubtilis_168	bsubtilis_168_p002970	KO	K01953
bsubtilis_168	bsubtilis_168_p002992	KO	K02549
bsubtilis_168	bsubtilis_168_p002993	KO	K01911
bsubtilis_168	bsubtilis_168_p002994	KO	K01661
bsubtilis_168	bsubtilis_168_p002995	KO	K08680
bsubtilis_168	bsubtilis_168_p002996	KO	K02551
bsubtilis_168	bsubtilis_168_p002997	KO	K02552
bsubtilis_168	bsubtilis_168_p003019	KO	K11440
bsubtilis_168	bsubtilis_168_p003020	KO	K00130
bsubtilis_168	bsubtilis_168_p003032	KO	K01813
bsubtilis_168	bsubtilis_168_p003034	KO	K00848
bsubtilis_168	bsubtilis_168_p003037	KO	K03406
bsubtilis_168	bsubtilis_168_p003038	KO	K03406
bsubtilis_168	bsubtilis_168_p003039	KO	K03406
bsubtilis_168	bsubtilis_168_p003040	KO	K03406
bsubtilis_168	bsubtilis_168_p003058	KO	K14155
bsubtilis_168	bsubtilis_168_p003080	KO	K19222
bsubtilis_168	bsubtilis_168_p003088	KO	K00763
bsubtilis_168	bsubtilis_168_p003105	KO	K00259
bsubtilis_168	bsubtilis_168_p003108	KO	K01252
bsubtilis_168	bsubtilis_168_p003109	KO	K02363
bsubtilis_168	bsubtilis_168_p003110	KO	K02361
bsubtilis_168	bsubtilis_168_p003111	KO	K00216
bsubtilis_168	bsubtilis_168_p003128	KO	K01778
bsubtilis_168	bsubtilis_168_p003135	KO	K00872
bsubtilis_168	bsubtilis_168_p003136	KO	K01733
bsubtilis_168	bsubtilis_168_p003137	KO	K00003
bsubtilis_168	bsubtilis_168_p003152	KO	K01466
bsubtilis_168	bsubtilis_168_p003156	KO	K16838
bsubtilis_168	bsubtilis_168_p003157	KO	K07127
bsubtilis_168	bsubtilis_168_p003199	KO	K01821
bsubtilis_168	bsubtilis_168_p003212	KO	K01679
bsubtilis_168	bsubtilis_168_p003223	KO	K00798
bsubtilis_168	bsubtilis_168_p003250	KO	K00381
bsubtilis_168	bsubtilis_168_p003251	KO	K00380
bsubtilis_168	bsubtilis_168_p003276	KO	K03406
bsubtilis_168	bsubtilis_168_p003359	KO	K01187
bsubtilis_168	bsubtilis_168_p003389	KO	K11755
bsubtilis_168	bsubtilis_168_p003390	KO	K02500
bsubtilis_168	bsubtilis_168_p003391	KO	K01814
bsubtilis_168	bsubtilis_168_p003392	KO	K02501
bsubtilis_168	bsubtilis_168_p003393	KO	K01693
bsubtilis_168	bsubtilis_168_p003394	KO	K00013
bsubtilis_168	bsubtilis_168_p003395	KO	K00765
bsubtilis_168	bsubtilis_168_p003398	KO	K19551
bsubtilis_168	bsubtilis_168_p003404	KO	K01443
bsubtilis_168	bsubtilis_168_p003405	KO	K02564
bsubtilis_168	bsubtilis_168_p003435	KO	K02407
bsubtilis_168	bsubtilis_168_p003437	KO	K02406
bsubtilis_168	bsubtilis_168_p003441	KO	K02397
bsubtilis_168	bsubtilis_168_p003442	KO	K02396
bsubtilis_168	bsubtilis_168_p003453	KO	K01005
bsubtilis_168	bsubtilis_168_p003454	KO	K02851
bsubtilis_168	bsubtilis_168_p003465	KO	K01005
bsubtilis_168	bsubtilis_168_p003466	KO	K01791
bsubtilis_168	bsubtilis_168_p003469	KO	K09693
bsubtilis_168	bsubtilis_168_p003470	KO	K09692
bsubtilis_168	bsubtilis_168_p003473	KO	K00980
bsubtilis_168	bsubtilis_168_p003474	KO	K05946
bsubtilis_168	bsubtilis_168_p003475	KO	K21285
bsubtilis_168	bsubtilis_168_p003483	KO	K01005
bsubtilis_168	bsubtilis_168_p003484	KO	K21064
bsubtilis_168	bsubtilis_168_p003499	KO	K01575
bsubtilis_168	bsubtilis_168_p003500	KO	K01652
bsubtilis_168	bsubtilis_168_p003539	KO	K02391
bsubtilis_168	bsubtilis_168_p003563	KO	K01428
bsubtilis_168	bsubtilis_168_p003565	KO	K01430
bsubtilis_168	bsubtilis_168_p003589	KO	K00600
bsubtilis_168	bsubtilis_168_p003614	KO	K01937
bsubtilis_168	bsubtilis_168_p003616	KO	K00248
bsubtilis_168	bsubtilis_168_p003652	KO	K01821
bsubtilis_168	bsubtilis_168_p003664	KO	K00625
bsubtilis_168	bsubtilis_168_p003665	KO	K00435
bsubtilis_168	bsubtilis_168_p003677	KO	K00260
bsubtilis_168	bsubtilis_168_p003716	KO	K00849
bsubtilis_168	bsubtilis_168_p003725	KO	K00788
bsubtilis_168	bsubtilis_168_p003726	KO	K00878
bsubtilis_168	bsubtilis_168_p003733	KO	K01759
bsubtilis_168	bsubtilis_168_p003745	KO	K02548
bsubtilis_168	bsubtilis_168_p003751	KO	K00826
bsubtilis_168	bsubtilis_168_p003759	KO	K03781
bsubtilis_168	bsubtilis_168_p003782	KO	K01784
bsubtilis_168	bsubtilis_168_p003791	KO	K00549
bsubtilis_168	bsubtilis_168_p003792	KO	K00549
bsubtilis_168	bsubtilis_168_p003800	KO	K03781
bsubtilis_168	bsubtilis_168_p003829	KO	K01745
bsubtilis_168	bsubtilis_168_p003830	KO	K01712
bsubtilis_168	bsubtilis_168_p003831	KO	K01468
bsubtilis_168	bsubtilis_168_p003832	KO	K01479
bsubtilis_168	bsubtilis_168_p003886	KO	K01953
bsubtilis_168	bsubtilis_168_p003904	KO	K03387
bsubtilis_168	bsubtilis_168_p003934	KO	K07636
bsubtilis_168	bsubtilis_168_p003936	KO	K01939
paeruginosa_pao1	paeruginosa_pao1_p000024	KO	K00228
paeruginosa_pao1	paeruginosa_pao1_p000025	KO	K00014
paeruginosa_pao1	paeruginosa_pao1_p000035	KO	K01695
paeruginosa_pao1	paeruginosa_pao1_p000036	KO	K01696
paeruginosa_pao1	paeruginosa_pao1_p000051	KO	K01953
paeruginosa_pao1	paeruginosa_pao1_p000076	KO	K11891
paeruginosa_pao1	paeruginosa_pao1_p000077	KO	K11892
paeruginosa_pao1	paeruginosa_pao1_p000078	KO	K11893
paeruginosa_pao1	paeruginosa_pao1_p000079	KO	K11906
paeruginosa_pao1	paeruginosa_pao1_p000081	KO	K11902
paeruginosa_pao1	paeruginosa_pao1_p000082	KO	K11901
paeruginosa_pao1	paeruginosa_pao1_p000083	KO	K11900
paeruginosa_pao1	paeruginosa_pao1_p000084	KO	K11903
paeruginosa_pao1	paeruginosa_pao1_p000086	KO	K11897
paeruginosa_pao1	paeruginosa_pao1_p000087	KO	K11896
paeruginosa_pao1	paeruginosa_pao1_p000088	KO	K11895
paeruginosa_pao1	paeruginosa_pao1_p000089	KO	K11907
paeruginosa_pao1	paeruginosa_pao1_p000090	KO	K11904
paeruginosa_pao1	paeruginosa_pao1_p000094	KO	K11904
paeruginosa_pao1	paeruginosa_pao1_p000138	KO	K03387
paeruginosa_pao1	paeruginosa_pao1_p000170	KO	K03412
paeruginosa_pao1	paeruginosa_pao1_p000172	KO	K00575
paeruginosa_pao1	paeruginosa_pao1_p000173	KO	K03406
paeruginosa_pao1	paeruginosa_pao1_p000174	KO	K03408
paeruginosa_pao1	paeruginosa_pao1_p000175	KO	K03407
paeruginosa_pao1	paeruginosa_pao1_p000176	KO	K03413
paeruginosa_pao1	paeruginosa_pao1_p000177	KO	K03406
paeruginosa_pao1	paeruginosa_pao1_p000200	KO	K01426
paeruginosa_pao1	paeruginosa_pao1_p000221	KO	K01714
paeruginosa_pao1	paeruginosa_pao1_p000226	KO	K00626
paeruginosa_pao1	paeruginosa_pao1_p000229	KO	K01055
paeruginosa_pao1	paeruginosa_pao1_p000243	KO	K03786
paeruginosa_pao1	paeruginosa_pao1_p000260	KO	K11904
paeruginosa_pao1	paeruginosa_pao1_p000261	KO	K11903
paeruginosa_pao1	paeruginosa_pao1_p000262	KO	K00135
paeruginosa_pao1	paeruginosa_pao1_p000293	KO	K01915
paeruginosa_pao1	paeruginosa_pao1_p000295	KO	K01915
paeruginosa_pao1	paeruginosa_pao1_p000313	KO	K00058
paeruginosa_pao1	paeruginosa_pao1_p000328	KO	K01754
paeruginosa_pao1	paeruginosa_pao1_p000332	KO	K28842
paeruginosa_pao1	paeruginosa_pao1_p000347	KO	K00287
paeruginosa_pao1	paeruginosa_pao1_p000350	KO	K01687
paeruginosa_pao1	paeruginosa_pao1_p000377	KO	K03149
paeruginosa_pao1	paeruginosa_pao1_p000386	KO	K00641
paeruginosa_pao1	paeruginosa_pao1_p000389	KO	K00286
paeruginosa_pao1	paeruginosa_pao1_p000391	KO	K02669
paeruginosa_pao1	paeruginosa_pao1_p000395	KO	K01697
paeruginosa_pao1	paeruginosa_pao1_p000396	KO	K01739
paeruginosa_pao1	paeruginosa_pao1_p000396	KO	K01758
paeruginosa_pao1	paeruginosa_pao1_p000396	KO	K01760
paeruginosa_pao1	paeruginosa_pao1_p000397	KO	K01465
paeruginosa_pao1	paeruginosa_pao1_p000398	KO	K00609
paeruginosa_pao1	paeruginosa_pao1_p000407	KO	K03406
paeruginosa_pao1	paeruginosa_pao1_p000408	KO	K00575
paeruginosa_pao1	paeruginosa_pao1_p000416	KO	K00833
paeruginosa_pao1	paeruginosa_pao1_p000475	KO	K01055
paeruginosa_pao1	paeruginosa_pao1_p000477	KO	K01638
paeruginosa_pao1	paeruginosa_pao1_p000495	KO	K01012
paeruginosa_pao1	paeruginosa_pao1_p000496	KO	K00652
paeruginosa_pao1	paeruginosa_pao1_p000499	KO	K01935
paeruginosa_pao1	paeruginosa_pao1_p000505	KO	K02303
paeruginosa_pao1	paeruginosa_pao1_p000546	KO	K03472
paeruginosa_pao1	paeruginosa_pao1_p000577	KO	K01633
paeruginosa_pao1	paeruginosa_pao1_p000578	KO	K00950
paeruginosa_pao1	paeruginosa_pao1_p000588	KO	K00097
paeruginosa_pao1	paeruginosa_pao1_p000590	KO	K04744
paeruginosa_pao1	paeruginosa_pao1_p000604	KO	K01657
paeruginosa_pao1	paeruginosa_pao1_p000642	KO	K01658
paeruginosa_pao1	paeruginosa_pao1_p000643	KO	K00766
paeruginosa_pao1	paeruginosa_pao1_p000644	KO	K01609
paeruginosa_pao1	paeruginosa_pao1_p000654	KO	K08973
paeruginosa_pao1	paeruginosa_pao1_p000655	KO	K00145
paeruginosa_pao1	paeruginosa_pao1_p000670	KO	K02459
paeruginosa_pao1	paeruginosa_pao1_p000671	KO	K02457
paeruginosa_pao1	paeruginosa_pao1_p000672	KO	K02452
paeruginosa_pao1	paeruginosa_pao1_p000673	KO	K02458
paeruginosa_pao1	paeruginosa_pao1_p000674	KO	K02456
paeruginosa_pao1	paeruginosa_pao1_p000675	KO	K02460
paeruginosa_pao1	paeruginosa_pao1_p000676	KO	K02461
paeruginosa_pao1	paeruginosa_pao1_p000677	KO	K02462
paeruginosa_pao1	paeruginosa_pao1_p000678	KO	K02453
paeruginosa_pao1	paeruginosa_pao1_p000679	KO	K02454
paeruginosa_pao1	paeruginosa_pao1_p000680	KO	K02455
paeruginosa_pao1	paeruginosa_pao1_p000681	KO	K02040
paeruginosa_pao1	paeruginosa_pao1_p000682	KO	K02040
paeruginosa_pao1	paeruginosa_pao1_p000697	KO	K01426
paeruginosa_pao1	paeruginosa_pao1_p000699	KO	K00638
paeruginosa_pao1	paeruginosa_pao1_p000703	KO	K01759
paeruginosa_pao1	paeruginosa_pao1_p000752	KO	K00278
paeruginosa_pao1	paeruginosa_pao1_p000764	KO	K03474
paeruginosa_pao1	paeruginosa_pao1_p000786	KO	K01659
paeruginosa_pao1	paeruginosa_pao1_p000825	KO	K13788
paeruginosa_pao1	paeruginosa_pao1_p000826	KO	K00925
paeruginosa_pao1	paeruginosa_pao1_p000838	KO	K03386
paeruginosa_pao1	paeruginosa_pao1_p000841	KO	K01754
paeruginosa_pao1	paeruginosa_pao1_p000844	KO	K01679
paeruginosa_pao1	paeruginosa_pao1_p000860	KO	K00813
paeruginosa_pao1	paeruginosa_pao1_p000873	KO	K01644
paeruginosa_pao1	paeruginosa_pao1_p000885	KO	K00821
paeruginosa_pao1	paeruginosa_pao1_p000894	KO	K00928
paeruginosa_pao1	paeruginosa_pao1_p000934	KO	K11175
paeruginosa_pao1	paeruginosa_pao1_p000935	KO	K01933
paeruginosa_pao1	paeruginosa_pao1_p000991	KO	K03517
paeruginosa_pao1	paeruginosa_pao1_p000997	KO	K01714
paeruginosa_pao1	paeruginosa_pao1_p001000	KO	K01923
paeruginosa_pao1	paeruginosa_pao1_p001035	KO	K00275
paeruginosa_pao1	paeruginosa_pao1_p001047	KO	K28981
paeruginosa_pao1	paeruginosa_pao1_p001063	KO	K02387
paeruginosa_pao1	paeruginosa_pao1_p001064	KO	K02388
paeruginosa_pao1	paeruginosa_pao1_p001066	KO	K02390
paeruginosa_pao1	paeruginosa_pao1_p001067	KO	K02391
paeruginosa_pao1	paeruginosa_pao1_p001068	KO	K02392
paeruginosa_pao1	paeruginosa_pao1_p001069	KO	K02393
paeruginosa_pao1	paeruginosa_pao1_p001070	KO	K02394
paeruginosa_pao1	paeruginosa_pao1_p001072	KO	K02396
paeruginosa_pao1	paeruginosa_pao1_p001073	KO	K02397
paeruginosa_pao1	paeruginosa_pao1_p001078	KO	K02406
paeruginosa_pao1	paeruginosa_pao1_p001080	KO	K02407
paeruginosa_pao1	paeruginosa_pao1_p001086	KO	K02408
paeruginosa_pao1	paeruginosa_pao1_p001087	KO	K02409
paeruginosa_pao1	paeruginosa_pao1_p001088	KO	K02410
paeruginosa_pao1	paeruginosa_pao1_p001089	KO	K02411
paeruginosa_pao1	paeruginosa_pao1_p001090	KO	K02412
paeruginosa_pao1	paeruginosa_pao1_p001125	KO	K14977
paeruginosa_pao1	paeruginosa_pao1_p001128	KO	K28842
paeruginosa_pao1	paeruginosa_pao1_p001146	KO	K01439
paeruginosa_pao1	paeruginosa_pao1_p001149	KO	K02362
paeruginosa_pao1	paeruginosa_pao1_p001198	KO	K01953
paeruginosa_pao1	paeruginosa_pao1_p001235	KO	K03406
paeruginosa_pao1	paeruginosa_pao1_p001256	KO	K19221
paeruginosa_pao1	paeruginosa_pao1_p001257	KO	K02224
paeruginosa_pao1	paeruginosa_pao1_p001258	KO	K04719
paeruginosa_pao1	paeruginosa_pao1_p001259	KO	K02227
paeruginosa_pao1	paeruginosa_pao1_p001260	KO	K02225
paeruginosa_pao1	paeruginosa_pao1_p001261	KO	K02232
paeruginosa_pao1	paeruginosa_pao1_p001262	KO	K02231
paeruginosa_pao1	paeruginosa_pao1_p001263	KO	K00768
paeruginosa_pao1	paeruginosa_pao1_p001264	KO	K02226
paeruginosa_pao1	paeruginosa_pao1_p001265	KO	K02233
paeruginosa_pao1	paeruginosa_pao1_p001310	KO	K01754
paeruginosa_pao1	paeruginosa_pao1_p001359	KO	K03473
paeruginosa_pao1	paeruginosa_pao1_p001366	KO	K02453
paeruginosa_pao1	paeruginosa_pao1_p001368	KO	K01784
paeruginosa_pao1	paeruginosa_pao1_p001401	KO	K01652
paeruginosa_pao1	paeruginosa_pao1_p001407	KO	K03406
paeruginosa_pao1	paeruginosa_pao1_p001425	KO	K02416
paeruginosa_pao1	paeruginosa_pao1_p001426	KO	K02417
paeruginosa_pao1	paeruginosa_pao1_p001428	KO	K02419
paeruginosa_pao1	paeruginosa_pao1_p001429	KO	K02420
paeruginosa_pao1	paeruginosa_pao1_p001430	KO	K02421
paeruginosa_pao1	paeruginosa_pao1_p001431	KO	K02401
paeruginosa_pao1	paeruginosa_pao1_p001434	KO	K02400
paeruginosa_pao1	paeruginosa_pao1_p001438	KO	K03413
paeruginosa_pao1	paeruginosa_pao1_p001439	KO	K03414
paeruginosa_pao1	paeruginosa_pao1_p001440	KO	K03407
paeruginosa_pao1	paeruginosa_pao1_p001441	KO	K03412
paeruginosa_pao1	paeruginosa_pao1_p001442	KO	K02556
paeruginosa_pao1	paeruginosa_pao1_p001443	KO	K02557
paeruginosa_pao1	paeruginosa_pao1_p001446	KO	K03408
paeruginosa_pao1	paeruginosa_pao1_p001484	KO	K01652
paeruginosa_pao1	paeruginosa_pao1_p001493	KO	K11904
paeruginosa_pao1	paeruginosa_pao1_p001494	KO	K11903
paeruginosa_pao1	paeruginosa_pao1_p001496	KO	K01483
paeruginosa_pao1	paeruginosa_pao1_p001497	KO	K01477
paeruginosa_pao1	paeruginosa_pao1_p001499	KO	K16842
paeruginosa_pao1	paeruginosa_pao1_p001500	KO	K07127
paeruginosa_pao1	paeruginosa_pao1_p001528	KO	K02495
paeruginosa_pao1	paeruginosa_pao1_p001541	KO	K03406
paeruginosa_pao1	paeruginosa_pao1_p001541	KO	K03776
paeruginosa_pao1	paeruginosa_pao1_p001542	KO	K27802
paeruginosa_pao1	paeruginosa_pao1_p001546	KO	K01915
paeruginosa_pao1	paeruginosa_pao1_p001560	KO	K01647
paeruginosa_pao1	paeruginosa_pao1_p001563	KO	K00239
paeruginosa_pao1	paeruginosa_pao1_p001564	KO	K00240
paeruginosa_pao1	paeruginosa_pao1_p001565	KO	K00164
paeruginosa_pao1	paeruginosa_pao1_p001566	KO	K00658
paeruginosa_pao1	paeruginosa_pao1_p001567	KO	K00382
paeruginosa_pao1	paeruginosa_pao1_p001568	KO	K01903
paeruginosa_pao1	paeruginosa_pao1_p001569	KO	K01902
paeruginosa_pao1	paeruginosa_pao1_p001578	KO	K00606
paeruginosa_pao1	paeruginosa_pao1_p001588	KO	K03406
paeruginosa_pao1	paeruginosa_pao1_p001598	KO	K19222
paeruginosa_pao1	paeruginosa_pao1_p001608	KO	K00074
paeruginosa_pao1	paeruginosa_pao1_p001609	KO	K01692
paeruginosa_pao1	paeruginosa_pao1_p001626	KO	K03406
paeruginosa_pao1	paeruginosa_pao1_p001636	KO	K11910
paeruginosa_pao1	paeruginosa_pao1_p001637	KO	K11901
paeruginosa_pao1	paeruginosa_pao1_p001638	KO	K11900
paeruginosa_pao1	paeruginosa_pao1_p001639	KO	K11905
paeruginosa_pao1	paeruginosa_pao1_p001640	KO	K11896
paeruginosa_pao1	paeruginosa_pao1_p001641	KO	K11895
paeruginosa_pao1	paeruginosa_pao1_p001642	KO	K11907
paeruginosa_pao1	paeruginosa_pao1_p001646	KO	K11906
paeruginosa_pao1	paeruginosa_pao1_p001647	KO	K11893
paeruginosa_pao1	paeruginosa_pao1_p001648	KO	K11892
paeruginosa_pao1	paeruginosa_pao1_p001649	KO	K11891
paeruginosa_pao1	paeruginosa_pao1_p001654	KO	K01495
paeruginosa_pao1	paeruginosa_pao1_p001661	KO	K01736
paeruginosa_pao1	paeruginosa_pao1_p001670	KO	K03229
paeruginosa_pao1	paeruginosa_pao1_p001671	KO	K03228
paeruginosa_pao1	paeruginosa_pao1_p001672	KO	K03227
paeruginosa_pao1	paeruginosa_pao1_p001673	KO	K03226
paeruginosa_pao1	paeruginosa_pao1_p001674	KO	K03225
paeruginosa_pao1	paeruginosa_pao1_p001677	KO	K02412
paeruginosa_pao1	paeruginosa_pao1_p001677	KO	K03224
paeruginosa_pao1	paeruginosa_pao1_p001683	KO	K03230
paeruginosa_pao1	paeruginosa_pao1_p001696	KO	K03219
paeruginosa_pao1	paeruginosa_pao1_p001697	KO	K03220
paeruginosa_pao1	paeruginosa_pao1_p001699	KO	K03221
paeruginosa_pao1	paeruginosa_pao1_p001702	KO	K04053
paeruginosa_pao1	paeruginosa_pao1_p001703	KO	K03222
paeruginosa_pao1	paeruginosa_pao1_p001705	KO	K02411
paeruginosa_pao1	paeruginosa_pao1_p001730	KO	K01626
paeruginosa_pao1	paeruginosa_pao1_p001732	KO	K00077
paeruginosa_pao1	paeruginosa_pao1_p001737	KO	K02203
paeruginosa_pao1	paeruginosa_pao1_p001738	KO	K01665
paeruginosa_pao1	paeruginosa_pao1_p001758	KO	K02303
paeruginosa_pao1	paeruginosa_pao1_p001759	KO	K00372
paeruginosa_pao1	paeruginosa_pao1_p001760	KO	K26138
paeruginosa_pao1	paeruginosa_pao1_p001761	KO	K26139
paeruginosa_pao1	paeruginosa_pao1_p001767	KO	K01682
paeruginosa_pao1	paeruginosa_pao1_p001793	KO	K01069
paeruginosa_pao1	paeruginosa_pao1_p001796	KO	K09951
paeruginosa_pao1	paeruginosa_pao1_p001817	KO	K00381
paeruginosa_pao1	paeruginosa_pao1_p001822	KO	K00548
paeruginosa_pao1	paeruginosa_pao1_p001846	KO	K02452
paeruginosa_pao1	paeruginosa_pao1_p001847	KO	K02453
paeruginosa_pao1	paeruginosa_pao1_p001880	KO	K01626
paeruginosa_pao1	paeruginosa_pao1_p001897	KO	K04069
paeruginosa_pao1	paeruginosa_pao1_p001901	KO	K02230
paeruginosa_pao1	paeruginosa_pao1_p001905	KO	K00549
paeruginosa_pao1	paeruginosa_pao1_p001908	KO	K03406
paeruginosa_pao1	paeruginosa_pao1_p001977	KO	K00626
paeruginosa_pao1	paeruginosa_pao1_p002011	KO	K01652
paeruginosa_pao1	paeruginosa_pao1_p002016	KO	K01915
paeruginosa_pao1	paeruginosa_pao1_p002059	KO	K01953
paeruginosa_pao1	paeruginosa_pao1_p002080	KO	K00640
paeruginosa_pao1	paeruginosa_pao1_p002121	KO	K03781
paeruginosa_pao1	paeruginosa_pao1_p002159	KO	K07217
paeruginosa_pao1	paeruginosa_pao1_p002168	KO	K03153
paeruginosa_pao1	paeruginosa_pao1_p002222	KO	K00382
paeruginosa_pao1	paeruginosa_pao1_p002233	KO	K00874
paeruginosa_pao1	paeruginosa_pao1_p002313	KO	K00040
paeruginosa_pao1	paeruginosa_pao1_p002314	KO	K00854
paeruginosa_pao1	paeruginosa_pao1_p002331	KO	K11902
paeruginosa_pao1	paeruginosa_pao1_p002332	KO	K11891
paeruginosa_pao1	paeruginosa_pao1_p002333	KO	K11892
paeruginosa_pao1	paeruginosa_pao1_p002334	KO	K11893
paeruginosa_pao1	paeruginosa_pao1_p002336	KO	K11901
paeruginosa_pao1	paeruginosa_pao1_p002337	KO	K11900
paeruginosa_pao1	paeruginosa_pao1_p002338	KO	K11903
paeruginosa_pao1	paeruginosa_pao1_p002339	KO	K11919
paeruginosa_pao1	paeruginosa_pao1_p002340	KO	K11896
paeruginosa_pao1	paeruginosa_pao1_p002341	KO	K11895
paeruginosa_pao1	paeruginosa_pao1_p002342	KO	K11907
paeruginosa_pao1	paeruginosa_pao1_p002343	KO	K11904
paeruginosa_pao1	paeruginosa_pao1_p002382	KO	K00836
paeruginosa_pao1	paeruginosa_pao1_p002413	KO	K00600
paeruginosa_pao1	paeruginosa_pao1_p002473	KO	K03381
paeruginosa_pao1	paeruginosa_pao1_p002474	KO	K03464
paeruginosa_pao1	paeruginosa_pao1_p002475	KO	K01856
paeruginosa_pao1	paeruginosa_pao1_p002478	KO	K05599
paeruginosa_pao1	paeruginosa_pao1_p002479	KO	K05600
paeruginosa_pao1	paeruginosa_pao1_p002481	KO	K05783
paeruginosa_pao1	paeruginosa_pao1_p002483	KO	K05550
paeruginosa_pao1	paeruginosa_pao1_p002484	KO	K05549
paeruginosa_pao1	paeruginosa_pao1_p002497	KO	K00817
paeruginosa_pao1	paeruginosa_pao1_p002514	KO	K02040
paeruginosa_pao1	paeruginosa_pao1_p002518	KO	K00248
paeruginosa_pao1	paeruginosa_pao1_p002519	KO	K00626
paeruginosa_pao1	paeruginosa_pao1_p002527	KO	K03406
paeruginosa_pao1	paeruginosa_pao1_p002539	KO	K03406
paeruginosa_pao1	paeruginosa_pao1_p002577	KO	K02302
paeruginosa_pao1	paeruginosa_pao1_p002577	KO	K02303
paeruginosa_pao1	paeruginosa_pao1_p002577	KO	K24866
paeruginosa_pao1	paeruginosa_pao1_p002589	KO	K00031
paeruginosa_pao1	paeruginosa_pao1_p002595	KO	K01756
paeruginosa_pao1	paeruginosa_pao1_p002600	KO	K01637
paeruginosa_pao1	paeruginosa_pao1_p002618	KO	K03406
paeruginosa_pao1	paeruginosa_pao1_p002620	KO	K03406
paeruginosa_pao1	paeruginosa_pao1_p002636	KO	K02460
paeruginosa_pao1	paeruginosa_pao1_p002637	KO	K02459
paeruginosa_pao1	paeruginosa_pao1_p002640	KO	K02456
paeruginosa_pao1	paeruginosa_pao1_p002642	KO	K02454
paeruginosa_pao1	paeruginosa_pao1_p002648	KO	K01754
paeruginosa_pao1	paeruginosa_pao1_p002650	KO	K11904
paeruginosa_pao1	paeruginosa_pao1_p002674	KO	K01738
paeruginosa_pao1	paeruginosa_pao1_p002694	KO	K01153
paeruginosa_pao1	paeruginosa_pao1_p002696	KO	K01154
paeruginosa_pao1	paeruginosa_pao1_p002697	KO	K03427
paeruginosa_pao1	paeruginosa_pao1_p002750	KO	K03406
paeruginosa_pao1	paeruginosa_pao1_p002788	KO	K14260
paeruginosa_pao1	paeruginosa_pao1_p002803	KO	K01626
paeruginosa_pao1	paeruginosa_pao1_p002827	KO	K03406
paeruginosa_pao1	paeruginosa_pao1_p002836	KO	K01591
paeruginosa_pao1	paeruginosa_pao1_p002863	KO	K02189
paeruginosa_pao1	paeruginosa_pao1_p002863	KO	K05934
paeruginosa_pao1	paeruginosa_pao1_p002863	KO	K13541
paeruginosa_pao1	paeruginosa_pao1_p002864	KO	K03394
paeruginosa_pao1	paeruginosa_pao1_p002865	KO	K06042
paeruginosa_pao1	paeruginosa_pao1_p002866	KO	K02229
paeruginosa_pao1	paeruginosa_pao1_p002867	KO	K00595
paeruginosa_pao1	paeruginosa_pao1_p002868	KO	K02188
paeruginosa_pao1	paeruginosa_pao1_p002869	KO	K05895
paeruginosa_pao1	paeruginosa_pao1_p002880	KO	K03406
paeruginosa_pao1	paeruginosa_pao1_p002903	KO	K01626
paeruginosa_pao1	paeruginosa_pao1_p002904	KO	K02230
paeruginosa_pao1	paeruginosa_pao1_p002907	KO	K02189
paeruginosa_pao1	paeruginosa_pao1_p002908	KO	K05936
paeruginosa_pao1	paeruginosa_pao1_p002924	KO	K02619
paeruginosa_pao1	paeruginosa_pao1_p002965	KO	K01207
paeruginosa_pao1	paeruginosa_pao1_p003010	KO	K00254
paeruginosa_pao1	paeruginosa_pao1_p003054	KO	K02462
paeruginosa_pao1	paeruginosa_pao1_p003055	KO	K02461
paeruginosa_pao1	paeruginosa_pao1_p003056	KO	K02460
paeruginosa_pao1	paeruginosa_pao1_p003057	KO	K02459
paeruginosa_pao1	paeruginosa_pao1_p003058	KO	K02458
paeruginosa_pao1	paeruginosa_pao1_p003059	KO	K02457
paeruginosa_pao1	paeruginosa_pao1_p003060	KO	K02456
paeruginosa_pao1	paeruginosa_pao1_p003061	KO	K02455
paeruginosa_pao1	paeruginosa_pao1_p003062	KO	K02454
paeruginosa_pao1	paeruginosa_pao1_p003063	KO	K02452
paeruginosa_pao1	paeruginosa_pao1_p003064	KO	K02453
paeruginosa_pao1	paeruginosa_pao1_p003066	KO	K10764
paeruginosa_pao1	paeruginosa_pao1_p003067	KO	K00764
paeruginosa_pao1	paeruginosa_pao1_p003070	KO	K11754
paeruginosa_pao1	paeruginosa_pao1_p003072	KO	K01817
paeruginosa_pao1	paeruginosa_pao1_p003075	KO	K00133
paeruginosa_pao1	paeruginosa_pao1_p003076	KO	K00133
paeruginosa_pao1	paeruginosa_pao1_p003077	KO	K00052
paeruginosa_pao1	paeruginosa_pao1_p003079	KO	K01704
paeruginosa_pao1	paeruginosa_pao1_p003080	KO	K01703
paeruginosa_pao1	paeruginosa_pao1_p003090	KO	K01625
paeruginosa_pao1	paeruginosa_pao1_p003098	KO	K00832
paeruginosa_pao1	paeruginosa_pao1_p003109	KO	K02501
paeruginosa_pao1	paeruginosa_pao1_p003121	KO	K00817
paeruginosa_pao1	paeruginosa_pao1_p003122	KO	K04518
paeruginosa_pao1	paeruginosa_pao1_p003122	KO	K14170
paeruginosa_pao1	paeruginosa_pao1_p003123	KO	K00831
paeruginosa_pao1	paeruginosa_pao1_p003131	KO	K01479
paeruginosa_pao1	paeruginosa_pao1_p003137	KO	K01625
paeruginosa_pao1	paeruginosa_pao1_p003187	KO	K09951
paeruginosa_pao1	paeruginosa_pao1_p003249	KO	K11904
paeruginosa_pao1	paeruginosa_pao1_p003303	KO	K00575
paeruginosa_pao1	paeruginosa_pao1_p003311	KO	K01915
paeruginosa_pao1	paeruginosa_pao1_p003393	KO	K01495
paeruginosa_pao1	paeruginosa_pao1_p003407	KO	K00116
paeruginosa_pao1	paeruginosa_pao1_p003414	KO	K01953
paeruginosa_pao1	paeruginosa_pao1_p003430	KO	K01713
paeruginosa_pao1	paeruginosa_pao1_p003441	KO	K11904
paeruginosa_pao1	paeruginosa_pao1_p003459	KO	K06989
paeruginosa_pao1	paeruginosa_pao1_p003471	KO	K01756
paeruginosa_pao1	paeruginosa_pao1_p003478	KO	K01759
paeruginosa_pao1	paeruginosa_pao1_p003479	KO	K01940
paeruginosa_pao1	paeruginosa_pao1_p003482	KO	K09951
paeruginosa_pao1	paeruginosa_pao1_p003483	KO	K03386
paeruginosa_pao1	paeruginosa_pao1_p003491	KO	K00611
paeruginosa_pao1	paeruginosa_pao1_p003544	KO	K00074
paeruginosa_pao1	paeruginosa_pao1_p003591	KO	K01937
paeruginosa_pao1	paeruginosa_pao1_p003613	KO	K14267
paeruginosa_pao1	paeruginosa_pao1_p003620	KO	K00674
paeruginosa_pao1	paeruginosa_pao1_p003656	KO	K03412
paeruginosa_pao1	paeruginosa_pao1_p003659	KO	K00575
paeruginosa_pao1	paeruginosa_pao1_p003661	KO	K03406
paeruginosa_pao1	paeruginosa_pao1_p003688	KO	K01733
paeruginosa_pao1	paeruginosa_pao1_p003689	KO	K00003
paeruginosa_pao1	paeruginosa_pao1_p003704	KO	K08289
paeruginosa_pao1	paeruginosa_pao1_p003711	KO	K01443
paeruginosa_pao1	paeruginosa_pao1_p003714	KO	K02804
paeruginosa_pao1	paeruginosa_pao1_p003716	KO	K01952
paeruginosa_pao1	paeruginosa_pao1_p003722	KO	K01951
paeruginosa_pao1	paeruginosa_pao1_p003723	KO	K00088
paeruginosa_pao1	paeruginosa_pao1_p003745	KO	K01649
paeruginosa_pao1	paeruginosa_pao1_p003758	KO	K02656
paeruginosa_pao1	paeruginosa_pao1_p003769	KO	K00640
paeruginosa_pao1	paeruginosa_pao1_p003780	KO	K11720
paeruginosa_pao1	paeruginosa_pao1_p003781	KO	K07091
paeruginosa_pao1	paeruginosa_pao1_p003877	KO	K00626
paeruginosa_pao1	paeruginosa_pao1_p003887	KO	K03119
paeruginosa_pao1	paeruginosa_pao1_p003888	KO	K15552
paeruginosa_pao1	paeruginosa_pao1_p003889	KO	K10831
paeruginosa_pao1	paeruginosa_pao1_p003890	KO	K15551
paeruginosa_pao1	paeruginosa_pao1_p003927	KO	K00788
paeruginosa_pao1	paeruginosa_pao1_p003939	KO	K03643
paeruginosa_pao1	paeruginosa_pao1_p003956	KO	K00969
paeruginosa_pao1	paeruginosa_pao1_p003957	KO	K00147
paeruginosa_pao1	paeruginosa_pao1_p003996	KO	K01497
paeruginosa_pao1	paeruginosa_pao1_p004002	KO	K00794
paeruginosa_pao1	paeruginosa_pao1_p004003	KO	K14652
paeruginosa_pao1	paeruginosa_pao1_p004004	KO	K00793
paeruginosa_pao1	paeruginosa_pao1_p004005	KO	K11752
paeruginosa_pao1	paeruginosa_pao1_p004015	KO	K01784
paeruginosa_pao1	paeruginosa_pao1_p004057	KO	K01467
paeruginosa_pao1	paeruginosa_pao1_p004057	KO	K20320
paeruginosa_pao1	paeruginosa_pao1_p004077	KO	K00381
paeruginosa_pao1	paeruginosa_pao1_p004109	KO	K01426
paeruginosa_pao1	paeruginosa_pao1_p004126	KO	K01652
paeruginosa_pao1	paeruginosa_pao1_p004134	KO	K01714
paeruginosa_pao1	paeruginosa_pao1_p004158	KO	K01626
paeruginosa_pao1	paeruginosa_pao1_p004162	KO	K00275
paeruginosa_pao1	paeruginosa_pao1_p004163	KO	K00275
paeruginosa_pao1	paeruginosa_pao1_p004175	KO	K02363
paeruginosa_pao1	paeruginosa_pao1_p004177	KO	K04782
paeruginosa_pao1	paeruginosa_pao1_p004178	KO	K01851
paeruginosa_pao1	paeruginosa_pao1_p004178	KO	K02552
paeruginosa_pao1	paeruginosa_pao1_p004183	KO	K03781
paeruginosa_pao1	paeruginosa_pao1_p004237	KO	K03406
paeruginosa_pao1	paeruginosa_pao1_p004254	KO	K03406
paeruginosa_pao1	paeruginosa_pao1_p004256	KO	K03406
paeruginosa_pao1	paeruginosa_pao1_p004257	KO	K03406
paeruginosa_pao1	paeruginosa_pao1_p004280	KO	K01676
paeruginosa_pao1	paeruginosa_pao1_p004289	KO	K01426
paeruginosa_pao1	paeruginosa_pao1_p004312	KO	K04564
paeruginosa_pao1	paeruginosa_pao1_p004322	KO	K00763
paeruginosa_pao1	paeruginosa_pao1_p004343	KO	K00077
paeruginosa_pao1	paeruginosa_pao1_p004345	KO	K00798
paeruginosa_pao1	paeruginosa_pao1_p004348	KO	K00620
paeruginosa_pao1	paeruginosa_pao1_p004388	KO	K00955
paeruginosa_pao1	paeruginosa_pao1_p004388	KO	K00956
paeruginosa_pao1	paeruginosa_pao1_p004389	KO	K00957
paeruginosa_pao1	paeruginosa_pao1_p004393	KO	K00817
paeruginosa_pao1	paeruginosa_pao1_p004394	KO	K00013
paeruginosa_pao1	paeruginosa_pao1_p004395	KO	K00765
paeruginosa_pao1	paeruginosa_pao1_p004405	KO	K11719
paeruginosa_pao1	paeruginosa_pao1_p004406	KO	K09774
paeruginosa_pao1	paeruginosa_pao1_p004407	KO	K06861
paeruginosa_pao1	paeruginosa_pao1_p004414	KO	K04564
paeruginosa_pao1	paeruginosa_pao1_p004416	KO	K01679
paeruginosa_pao1	paeruginosa_pao1_p004429	KO	K01426
paeruginosa_pao1	paeruginosa_pao1_p004459	KO	K00380
paeruginosa_pao1	paeruginosa_pao1_p004466	KO	K03406
paeruginosa_pao1	paeruginosa_pao1_p004470	KO	K00767
paeruginosa_pao1	paeruginosa_pao1_p004471	KO	K02650
paeruginosa_pao1	paeruginosa_pao1_p004472	KO	K02652
paeruginosa_pao1	paeruginosa_pao1_p004473	KO	K02654
paeruginosa_pao1	paeruginosa_pao1_p004479	KO	K22477
paeruginosa_pao1	paeruginosa_pao1_p004493	KO	K03153
paeruginosa_pao1	paeruginosa_pao1_p004501	KO	K02650
paeruginosa_pao1	paeruginosa_pao1_p004501	KO	K02655
paeruginosa_pao1	paeruginosa_pao1_p004510	KO	K00931
paeruginosa_pao1	paeruginosa_pao1_p004533	KO	K00262
paeruginosa_pao1	paeruginosa_pao1_p004547	KO	K00600
paeruginosa_pao1	paeruginosa_pao1_p004558	KO	K03781
paeruginosa_pao1	paeruginosa_pao1_p004578	KO	K03406
paeruginosa_pao1	paeruginosa_pao1_p004584	KO	K00116
paeruginosa_pao1	paeruginosa_pao1_p004598	KO	K01772
paeruginosa_pao1	paeruginosa_pao1_p004636	KO	K00053
paeruginosa_pao1	paeruginosa_pao1_p004638	KO	K01652
paeruginosa_pao1	paeruginosa_pao1_p004657	KO	K14261
paeruginosa_pao1	paeruginosa_pao1_p004670	KO	K00950
paeruginosa_pao1	paeruginosa_pao1_p004671	KO	K00606
paeruginosa_pao1	paeruginosa_pao1_p004672	KO	K01918
paeruginosa_pao1	paeruginosa_pao1_p004673	KO	K01579
paeruginosa_pao1	paeruginosa_pao1_p004692	KO	K00796
paeruginosa_pao1	paeruginosa_pao1_p004698	KO	K01955
paeruginosa_pao1	paeruginosa_pao1_p004700	KO	K01956
paeruginosa_pao1	paeruginosa_pao1_p004701	KO	K00215
paeruginosa_pao1	paeruginosa_pao1_p004770	KO	K00382
paeruginosa_pao1	paeruginosa_pao1_p004785	KO	K03406
paeruginosa_pao1	paeruginosa_pao1_p004787	KO	K03786
paeruginosa_pao1	paeruginosa_pao1_p004795	KO	K00602
paeruginosa_pao1	paeruginosa_pao1_p004796	KO	K01945
paeruginosa_pao1	paeruginosa_pao1_p004806	KO	K01430
paeruginosa_pao1	paeruginosa_pao1_p004808	KO	K01429
paeruginosa_pao1	paeruginosa_pao1_p004809	KO	K01428
paeruginosa_pao1	paeruginosa_pao1_p004813	KO	K01003
paeruginosa_pao1	paeruginosa_pao1_p004855	KO	K03406
paeruginosa_pao1	paeruginosa_pao1_p004859	KO	K00763
paeruginosa_pao1	paeruginosa_pao1_p004860	KO	K01916
paeruginosa_pao1	paeruginosa_pao1_p004878	KO	K01939
paeruginosa_pao1	paeruginosa_pao1_p004893	KO	K02557
paeruginosa_pao1	paeruginosa_pao1_p004894	KO	K02556
paeruginosa_pao1	paeruginosa_pao1_p004900	KO	K01079
paeruginosa_pao1	paeruginosa_pao1_p004913	KO	K03147
paeruginosa_pao1	paeruginosa_pao1_p004917	KO	K01652
paeruginosa_pao1	paeruginosa_pao1_p004920	KO	K15866
paeruginosa_pao1	paeruginosa_pao1_p004953	KO	K00826
paeruginosa_pao1	paeruginosa_pao1_p004955	KO	K00163
paeruginosa_pao1	paeruginosa_pao1_p004956	KO	K00627
paeruginosa_pao1	paeruginosa_pao1_p004965	KO	K01740
paeruginosa_pao1	paeruginosa_pao1_p004974	KO	K01599
paeruginosa_pao1	paeruginosa_pao1_p004975	KO	K00266
paeruginosa_pao1	paeruginosa_pao1_p004976	KO	K00265
paeruginosa_pao1	paeruginosa_pao1_p004978	KO	K01735
paeruginosa_pao1	paeruginosa_pao1_p004979	KO	K00891
paeruginosa_pao1	paeruginosa_pao1_p004980	KO	K02666
paeruginosa_pao1	paeruginosa_pao1_p004981	KO	K02665
paeruginosa_pao1	paeruginosa_pao1_p004982	KO	K02664
paeruginosa_pao1	paeruginosa_pao1_p004983	KO	K02663
paeruginosa_pao1	paeruginosa_pao1_p004984	KO	K02662
paeruginosa_pao1	paeruginosa_pao1_p005003	KO	K03183
paeruginosa_pao1	paeruginosa_pao1_p005006	KO	K01496
paeruginosa_pao1	paeruginosa_pao1_p005007	KO	K01523
paeruginosa_pao1	paeruginosa_pao1_p005012	KO	K03406
paeruginosa_pao1	paeruginosa_pao1_p005029	KO	K11904
paeruginosa_pao1	paeruginosa_pao1_p005031	KO	K01468
paeruginosa_pao1	paeruginosa_pao1_p005032	KO	K01745
paeruginosa_pao1	paeruginosa_pao1_p005037	KO	K01745
paeruginosa_pao1	paeruginosa_pao1_p005039	KO	K01712
paeruginosa_pao1	paeruginosa_pao1_p005050	KO	K01759
paeruginosa_pao1	paeruginosa_pao1_p005058	KO	K01915
paeruginosa_pao1	paeruginosa_pao1_p005079	KO	K02500
paeruginosa_pao1	paeruginosa_pao1_p005080	KO	K01814
paeruginosa_pao1	paeruginosa_pao1_p005081	KO	K02501
paeruginosa_pao1	paeruginosa_pao1_p005082	KO	K01693
paeruginosa_pao1	paeruginosa_pao1_p005110	KO	K01478
paeruginosa_pao1	paeruginosa_pao1_p005111	KO	K00611
paeruginosa_pao1	paeruginosa_pao1_p005112	KO	K00926
paeruginosa_pao1	paeruginosa_pao1_p005123	KO	K04093
paeruginosa_pao1	paeruginosa_pao1_p005143	KO	K14682
paeruginosa_pao1	paeruginosa_pao1_p005145	KO	K01438
paeruginosa_pao1	paeruginosa_pao1_p005149	KO	K02454
paeruginosa_pao1	paeruginosa_pao1_p005197	KO	K02496
paeruginosa_pao1	paeruginosa_pao1_p005202	KO	K01755
paeruginosa_pao1	paeruginosa_pao1_p005205	KO	K11904
paeruginosa_pao1	paeruginosa_pao1_p005206	KO	K11903
paeruginosa_pao1	paeruginosa_pao1_p005216	KO	K01586
paeruginosa_pao1	paeruginosa_pao1_p005217	KO	K01778
paeruginosa_pao1	paeruginosa_pao1_p005220	KO	K20862
paeruginosa_pao1	paeruginosa_pao1_p005262	KO	K00930
paeruginosa_pao1	paeruginosa_pao1_p005270	KO	K00762
paeruginosa_pao1	paeruginosa_pao1_p005299	KO	K07657
paeruginosa_pao1	paeruginosa_pao1_p005300	KO	K07636
paeruginosa_pao1	paeruginosa_pao1_p005303	KO	K03413
paeruginosa_pao1	paeruginosa_pao1_p005304	KO	K02039
paeruginosa_pao1	paeruginosa_pao1_p005305	KO	K02036
paeruginosa_pao1	paeruginosa_pao1_p005306	KO	K02038
paeruginosa_pao1	paeruginosa_pao1_p005307	KO	K02037
paeruginosa_pao1	paeruginosa_pao1_p005308	KO	K02040
paeruginosa_pao1	paeruginosa_pao1_p005311	KO	K00108
paeruginosa_pao1	paeruginosa_pao1_p005312	KO	K00130
paeruginosa_pao1	paeruginosa_pao1_p005325	KO	K17735
paeruginosa_pao1	paeruginosa_pao1_p005326	KO	K27837
paeruginosa_pao1	paeruginosa_pao1_p005329	KO	K01438
paeruginosa_pao1	paeruginosa_pao1_p005329	KO	K01439
paeruginosa_pao1	paeruginosa_pao1_p005337	KO	K21833
paeruginosa_pao1	paeruginosa_pao1_p005338	KO	K21834
paeruginosa_pao1	paeruginosa_pao1_p005349	KO	K00479
paeruginosa_pao1	paeruginosa_pao1_p005350	KO	K21832
paeruginosa_pao1	paeruginosa_pao1_p005354	KO	K00600
paeruginosa_pao1	paeruginosa_pao1_p005355	KO	K00303
paeruginosa_pao1	paeruginosa_pao1_p005356	KO	K00304
paeruginosa_pao1	paeruginosa_pao1_p005357	KO	K00302
paeruginosa_pao1	paeruginosa_pao1_p005358	KO	K00305
paeruginosa_pao1	paeruginosa_pao1_p005364	KO	K01589
paeruginosa_pao1	paeruginosa_pao1_p005365	KO	K01588
paeruginosa_pao1	paeruginosa_pao1_p005433	KO	K02204
paeruginosa_pao1	paeruginosa_pao1_p005446	KO	K01915
paeruginosa_pao1	paeruginosa_pao1_p005452	KO	K17838
paeruginosa_pao1	paeruginosa_pao1_p005452	KO	K18973
paeruginosa_pao1	paeruginosa_pao1_p005460	KO	K01915
paeruginosa_pao1	paeruginosa_pao1_p005476	KO	K09007
scoelicolor_m145	scoelicolor_m145_p000052	KO	K08323
scoelicolor_m145	scoelicolor_m145_p000070	KO	K03781
scoelicolor_m145	scoelicolor_m145_p000100	KO	K02613
scoelicolor_m145	scoelicolor_m145_p000101	KO	K02610
scoelicolor_m145	scoelicolor_m145_p000237	KO	K01940
scoelicolor_m145	scoelicolor_m145_p000247	KO	K01187
scoelicolor_m145	scoelicolor_m145_p000275	KO	K09693
scoelicolor_m145	scoelicolor_m145_p000276	KO	K09692
scoelicolor_m145	scoelicolor_m145_p000374	KO	K01466
scoelicolor_m145	scoelicolor_m145_p000382	KO	K14260
scoelicolor_m145	scoelicolor_m145_p000387	KO	K00365
scoelicolor_m145	scoelicolor_m145_p000392	KO	K03781
scoelicolor_m145	scoelicolor_m145_p000409	KO	K00392
scoelicolor_m145	scoelicolor_m145_p000412	KO	K00957
scoelicolor_m145	scoelicolor_m145_p000413	KO	K00956
scoelicolor_m145	scoelicolor_m145_p000428	KO	K00435
scoelicolor_m145	scoelicolor_m145_p000429	KO	K00231
scoelicolor_m145	scoelicolor_m145_p000431	KO	K01599
scoelicolor_m145	scoelicolor_m145_p000436	KO	K01005
scoelicolor_m145	scoelicolor_m145_p000440	KO	K10544
scoelicolor_m145	scoelicolor_m145_p000441	KO	K10545
scoelicolor_m145	scoelicolor_m145_p000442	KO	K10543
scoelicolor_m145	scoelicolor_m145_p000446	KO	K27802
scoelicolor_m145	scoelicolor_m145_p000455	KO	K15866
scoelicolor_m145	scoelicolor_m145_p000457	KO	K01478
scoelicolor_m145	scoelicolor_m145_p000494	KO	K01772
scoelicolor_m145	scoelicolor_m145_p000598	KO	K00941
scoelicolor_m145	scoelicolor_m145_p000606	KO	K01703
scoelicolor_m145	scoelicolor_m145_p000625	KO	K00058
scoelicolor_m145	scoelicolor_m145_p000626	KO	K00053
scoelicolor_m145	scoelicolor_m145_p000628	KO	K01652
scoelicolor_m145	scoelicolor_m145_p000632	KO	K01426
scoelicolor_m145	scoelicolor_m145_p000650	KO	K00600
scoelicolor_m145	scoelicolor_m145_p000681	KO	K00798
scoelicolor_m145	scoelicolor_m145_p000690	KO	K00600
scoelicolor_m145	scoelicolor_m145_p000696	KO	K01005
scoelicolor_m145	scoelicolor_m145_p000697	KO	K01733
scoelicolor_m145	scoelicolor_m145_p000750	KO	K00800
scoelicolor_m145	scoelicolor_m145_p000753	KO	K05602
scoelicolor_m145	scoelicolor_m145_p000801	KO	K00240
scoelicolor_m145	scoelicolor_m145_p000845	KO	K14260
scoelicolor_m145	scoelicolor_m145_p000867	KO	K01745
scoelicolor_m145	scoelicolor_m145_p000893	KO	K00239
scoelicolor_m145	scoelicolor_m145_p000894	KO	K00240
scoelicolor_m145	scoelicolor_m145_p000902	KO	K00600
scoelicolor_m145	scoelicolor_m145_p000905	KO	K00024
scoelicolor_m145	scoelicolor_m145_p000911	KO	K11175
scoelicolor_m145	scoelicolor_m145_p000912	KO	K01902
scoelicolor_m145	scoelicolor_m145_p000913	KO	K01903
scoelicolor_m145	scoelicolor_m145_p000919	KO	K01951
scoelicolor_m145	scoelicolor_m145_p000923	KO	K00088
scoelicolor_m145	scoelicolor_m145_p000966	KO	K00262
scoelicolor_m145	scoelicolor_m145_p000967	KO	K01821
scoelicolor_m145	scoelicolor_m145_p001008	KO	K03183
scoelicolor_m145	scoelicolor_m145_p001023	KO	K11782
scoelicolor_m145	scoelicolor_m145_p001030	KO	K18285
scoelicolor_m145	scoelicolor_m145_p001052	KO	K00275
scoelicolor_m145	scoelicolor_m145_p001080	KO	K11785
scoelicolor_m145	scoelicolor_m145_p001113	KO	K02039
scoelicolor_m145	scoelicolor_m145_p001141	KO	K02038
scoelicolor_m145	scoelicolor_m145_p001142	KO	K02036
scoelicolor_m145	scoelicolor_m145_p001160	KO	K01933
scoelicolor_m145	scoelicolor_m145_p001164	KO	K23269
scoelicolor_m145	scoelicolor_m145_p001165	KO	K23265
scoelicolor_m145	scoelicolor_m145_p001166	KO	K23264
scoelicolor_m145	scoelicolor_m145_p001170	KO	K01923
scoelicolor_m145	scoelicolor_m145_p001199	KO	K04518
scoelicolor_m145	scoelicolor_m145_p001271	KO	K01187
scoelicolor_m145	scoelicolor_m145_p001305	KO	K10543
scoelicolor_m145	scoelicolor_m145_p001316	KO	K01939
scoelicolor_m145	scoelicolor_m145_p001325	KO	K00928
scoelicolor_m145	scoelicolor_m145_p001326	KO	K00133
scoelicolor_m145	scoelicolor_m145_p001365	KO	K01495
scoelicolor_m145	scoelicolor_m145_p001367	KO	K00950
scoelicolor_m145	scoelicolor_m145_p001369	KO	K00796
scoelicolor_m145	scoelicolor_m145_p001374	KO	K01918
scoelicolor_m145	scoelicolor_m145_p001375	KO	K00767
scoelicolor_m145	scoelicolor_m145_p001377	KO	K00619
scoelicolor_m145	scoelicolor_m145_p001389	KO	K00286
scoelicolor_m145	scoelicolor_m145_p001399	KO	K13542
scoelicolor_m145	scoelicolor_m145_p001410	KO	K05895
scoelicolor_m145	scoelicolor_m145_p001424	KO	K04517
scoelicolor_m145	scoelicolor_m145_p001427	KO	K01658
scoelicolor_m145	scoelicolor_m145_p001459	KO	K01784
scoelicolor_m145	scoelicolor_m145_p001492	KO	K01589
scoelicolor_m145	scoelicolor_m145_p001493	KO	K01588
scoelicolor_m145	scoelicolor_m145_p001512	KO	K09692
scoelicolor_m145	scoelicolor_m145_p001516	KO	K01784
scoelicolor_m145	scoelicolor_m145_p001546	KO	K02803
scoelicolor_m145	scoelicolor_m145_p001573	KO	K01728
scoelicolor_m145	scoelicolor_m145_p001602	KO	K01647
scoelicolor_m145	scoelicolor_m145_p001611	KO	K11752
scoelicolor_m145	scoelicolor_m145_p001616	KO	K04564
scoelicolor_m145	scoelicolor_m145_p001634	KO	K00147
scoelicolor_m145	scoelicolor_m145_p001636	KO	K00969
scoelicolor_m145	scoelicolor_m145_p001658	KO	K01649
scoelicolor_m145	scoelicolor_m145_p001696	KO	K01209
scoelicolor_m145	scoelicolor_m145_p001717	KO	K00163
scoelicolor_m145	scoelicolor_m145_p001754	KO	K00606
scoelicolor_m145	scoelicolor_m145_p001758	KO	K01915
scoelicolor_m145	scoelicolor_m145_p001774	KO	K01915
scoelicolor_m145	scoelicolor_m145_p001780	KO	K00163
scoelicolor_m145	scoelicolor_m145_p001810	KO	K01626
scoelicolor_m145	scoelicolor_m145_p001814	KO	K03149
scoelicolor_m145	scoelicolor_m145_p001817	KO	K00788
scoelicolor_m145	scoelicolor_m145_p001841	KO	K00817
scoelicolor_m145	scoelicolor_m145_p001842	KO	K01693
scoelicolor_m145	scoelicolor_m145_p001844	KO	K02501
scoelicolor_m145	scoelicolor_m145_p001845	KO	K24017
scoelicolor_m145	scoelicolor_m145_p001847	KO	K02500
scoelicolor_m145	scoelicolor_m145_p001849	KO	K01496
scoelicolor_m145	scoelicolor_m145_p001851	KO	K01696
scoelicolor_m145	scoelicolor_m145_p001852	KO	K01695
scoelicolor_m145	scoelicolor_m145_p001856	KO	K00266
scoelicolor_m145	scoelicolor_m145_p001857	KO	K04092
scoelicolor_m145	scoelicolor_m145_p001862	KO	K19222
scoelicolor_m145	scoelicolor_m145_p001884	KO	K03786
scoelicolor_m145	scoelicolor_m145_p001911	KO	K00674
scoelicolor_m145	scoelicolor_m145_p001932	KO	K10674
scoelicolor_m145	scoelicolor_m145_p001933	KO	K06720
scoelicolor_m145	scoelicolor_m145_p001934	KO	K00836
scoelicolor_m145	scoelicolor_m145_p001935	KO	K06718
scoelicolor_m145	scoelicolor_m145_p001938	KO	K19221
scoelicolor_m145	scoelicolor_m145_p001959	KO	K01079
scoelicolor_m145	scoelicolor_m145_p001974	KO	K06208
scoelicolor_m145	scoelicolor_m145_p002055	KO	K00074
scoelicolor_m145	scoelicolor_m145_p002057	KO	K00145
scoelicolor_m145	scoelicolor_m145_p002058	KO	K00930
scoelicolor_m145	scoelicolor_m145_p002059	KO	K00821
scoelicolor_m145	scoelicolor_m145_p002067	KO	K00595
scoelicolor_m145	scoelicolor_m145_p002068	KO	K02302
scoelicolor_m145	scoelicolor_m145_p002068	KO	K02303
scoelicolor_m145	scoelicolor_m145_p002072	KO	K02619
scoelicolor_m145	scoelicolor_m145_p002080	KO	K06215
scoelicolor_m145	scoelicolor_m145_p002081	KO	K08681
scoelicolor_m145	scoelicolor_m145_p002087	KO	K01069
scoelicolor_m145	scoelicolor_m145_p002094	KO	K01736
scoelicolor_m145	scoelicolor_m145_p002100	KO	K01465
scoelicolor_m145	scoelicolor_m145_p002102	KO	K01955
scoelicolor_m145	scoelicolor_m145_p002103	KO	K00254
scoelicolor_m145	scoelicolor_m145_p002121	KO	K00793
scoelicolor_m145	scoelicolor_m145_p002123	KO	K01497
scoelicolor_m145	scoelicolor_m145_p002123	KO	K14652
scoelicolor_m145	scoelicolor_m145_p002124	KO	K00794
scoelicolor_m145	scoelicolor_m145_p002125	KO	K00765
scoelicolor_m145	scoelicolor_m145_p002189	KO	K00652
scoelicolor_m145	scoelicolor_m145_p002195	KO	K01430
scoelicolor_m145	scoelicolor_m145_p002196	KO	K01429
scoelicolor_m145	scoelicolor_m145_p002197	KO	K01428
scoelicolor_m145	scoelicolor_m145_p002223	KO	K01805
scoelicolor_m145	scoelicolor_m145_p002261	KO	K01821
scoelicolor_m145	scoelicolor_m145_p002263	KO	K28981
scoelicolor_m145	scoelicolor_m145_p002287	KO	K00239
scoelicolor_m145	scoelicolor_m145_p002320	KO	K00848
scoelicolor_m145	scoelicolor_m145_p002376	KO	K03781
scoelicolor_m145	scoelicolor_m145_p002570	KO	K17836
scoelicolor_m145	scoelicolor_m145_p002606	KO	K00763
scoelicolor_m145	scoelicolor_m145_p002687	KO	K01586
scoelicolor_m145	scoelicolor_m145_p002703	KO	K15923
scoelicolor_m145	scoelicolor_m145_p002729	KO	K03781
scoelicolor_m145	scoelicolor_m145_p002733	KO	K01953
scoelicolor_m145	scoelicolor_m145_p002758	KO	K14155
scoelicolor_m145	scoelicolor_m145_p002776	KO	K00077
scoelicolor_m145	scoelicolor_m145_p002803	KO	K01916
scoelicolor_m145	scoelicolor_m145_p002832	KO	K03782
scoelicolor_m145	scoelicolor_m145_p002865	KO	K01478
scoelicolor_m145	scoelicolor_m145_p002896	KO	K01181
scoelicolor_m145	scoelicolor_m145_p002921	KO	K14155
scoelicolor_m145	scoelicolor_m145_p002958	KO	K01820
scoelicolor_m145	scoelicolor_m145_p002962	KO	K01754
scoelicolor_m145	scoelicolor_m145_p002975	KO	K00874
scoelicolor_m145	scoelicolor_m145_p002976	KO	K01625
scoelicolor_m145	scoelicolor_m145_p003016	KO	K00240
scoelicolor_m145	scoelicolor_m145_p003049	KO	K01579
scoelicolor_m145	scoelicolor_m145_p003051	KO	K01637
scoelicolor_m145	scoelicolor_m145_p003052	KO	K01638
scoelicolor_m145	scoelicolor_m145_p003053	KO	K00074
scoelicolor_m145	scoelicolor_m145_p003054	KO	K00549
scoelicolor_m145	scoelicolor_m145_p003066	KO	K04564
scoelicolor_m145	scoelicolor_m145_p003150	KO	K00854
scoelicolor_m145	scoelicolor_m145_p003153	KO	K01687
scoelicolor_m145	scoelicolor_m145_p003171	KO	K00135
scoelicolor_m145	scoelicolor_m145_p003181	KO	K01012
scoelicolor_m145	scoelicolor_m145_p003182	KO	K00833
scoelicolor_m145	scoelicolor_m145_p003183	KO	K01935
scoelicolor_m145	scoelicolor_m145_p003186	KO	K22477
scoelicolor_m145	scoelicolor_m145_p003188	KO	K01756
scoelicolor_m145	scoelicolor_m145_p003215	KO	K01761
scoelicolor_m145	scoelicolor_m145_p003279	KO	K01183
scoelicolor_m145	scoelicolor_m145_p003281	KO	K01523
scoelicolor_m145	scoelicolor_m145_p003282	KO	K01183
scoelicolor_m145	scoelicolor_m145_p003296	KO	K01956
scoelicolor_m145	scoelicolor_m145_p003297	KO	K00609
scoelicolor_m145	scoelicolor_m145_p003299	KO	K01735
scoelicolor_m145	scoelicolor_m145_p003300	KO	K00891
scoelicolor_m145	scoelicolor_m145_p003319	KO	K00768
scoelicolor_m145	scoelicolor_m145_p003319	KO	K04719
scoelicolor_m145	scoelicolor_m145_p003323	KO	K01755
scoelicolor_m145	scoelicolor_m145_p003326	KO	K00620
scoelicolor_m145	scoelicolor_m145_p003328	KO	K01209
scoelicolor_m145	scoelicolor_m145_p003359	KO	K00548
scoelicolor_m145	scoelicolor_m145_p003402	KO	K04517
scoelicolor_m145	scoelicolor_m145_p003408	KO	K01937
scoelicolor_m145	scoelicolor_m145_p003427	KO	K09951
scoelicolor_m145	scoelicolor_m145_p003432	KO	K01628
scoelicolor_m145	scoelicolor_m145_p003433	KO	K02227
scoelicolor_m145	scoelicolor_m145_p003434	KO	K02232
scoelicolor_m145	scoelicolor_m145_p003435	KO	K02230
scoelicolor_m145	scoelicolor_m145_p003436	KO	K02224
scoelicolor_m145	scoelicolor_m145_p003437	KO	K03394
scoelicolor_m145	scoelicolor_m145_p003438	KO	K03795
scoelicolor_m145	scoelicolor_m145_p003446	KO	K01051
scoelicolor_m145	scoelicolor_m145_p003447	KO	K01728
scoelicolor_m145	scoelicolor_m145_p003480	KO	K00266
scoelicolor_m145	scoelicolor_m145_p003501	KO	K00265
scoelicolor_m145	scoelicolor_m145_p003505	KO	K01644
scoelicolor_m145	scoelicolor_m145_p003506	KO	K01609
scoelicolor_m145	scoelicolor_m145_p003511	KO	K00013
scoelicolor_m145	scoelicolor_m145_p003531	KO	K03153
scoelicolor_m145	scoelicolor_m145_p003544	KO	K00766
scoelicolor_m145	scoelicolor_m145_p003549	KO	K03517
scoelicolor_m145	scoelicolor_m145_p003552	KO	K00768
scoelicolor_m145	scoelicolor_m145_p003554	KO	K02233
scoelicolor_m145	scoelicolor_m145_p003557	KO	K00627
scoelicolor_m145	scoelicolor_m145_p003567	KO	K01915
scoelicolor_m145	scoelicolor_m145_p003578	KO	K01187
scoelicolor_m145	scoelicolor_m145_p003611	KO	K01625
scoelicolor_m145	scoelicolor_m145_p003612	KO	K22316
scoelicolor_m145	scoelicolor_m145_p003659	KO	K01785
scoelicolor_m145	scoelicolor_m145_p003678	KO	K02040
scoelicolor_m145	scoelicolor_m145_p003698	KO	K00372
scoelicolor_m145	scoelicolor_m145_p003707	KO	K00362
scoelicolor_m145	scoelicolor_m145_p003747	KO	K00931
scoelicolor_m145	scoelicolor_m145_p003770	KO	K00133
scoelicolor_m145	scoelicolor_m145_p003801	KO	K01497
scoelicolor_m145	scoelicolor_m145_p003842	KO	K01207
scoelicolor_m145	scoelicolor_m145_p003849	KO	K01652
scoelicolor_m145	scoelicolor_m145_p003873	KO	K01426
scoelicolor_m145	scoelicolor_m145_p003908	KO	K02804
scoelicolor_m145	scoelicolor_m145_p003909	KO	K02804
scoelicolor_m145	scoelicolor_m145_p003913	KO	K00763
scoelicolor_m145	scoelicolor_m145_p003964	KO	K01005
scoelicolor_m145	scoelicolor_m145_p003975	KO	K01468
scoelicolor_m145	scoelicolor_m145_p003978	KO	K01712
scoelicolor_m145	scoelicolor_m145_p003981	KO	K01697
scoelicolor_m145	scoelicolor_m145_p003990	KO	K03427
scoelicolor_m145	scoelicolor_m145_p004002	KO	K00849
scoelicolor_m145	scoelicolor_m145_p004003	KO	K00965
scoelicolor_m145	scoelicolor_m145_p004029	KO	K01626
scoelicolor_m145	scoelicolor_m145_p004030	KO	K01609
scoelicolor_m145	scoelicolor_m145_p004031	KO	K00766
scoelicolor_m145	scoelicolor_m145_p004032	KO	K01657
scoelicolor_m145	scoelicolor_m145_p004070	KO	K06042
scoelicolor_m145	scoelicolor_m145_p004098	KO	K01687
scoelicolor_m145	scoelicolor_m145_p004115	KO	K00278
scoelicolor_m145	scoelicolor_m145_p004121	KO	K01633
scoelicolor_m145	scoelicolor_m145_p004123	KO	K01580
scoelicolor_m145	scoelicolor_m145_p004153	KO	K01625
scoelicolor_m145	scoelicolor_m145_p004154	KO	K00874
scoelicolor_m145	scoelicolor_m145_p004159	KO	K07248
scoelicolor_m145	scoelicolor_m145_p004161	KO	K00874
scoelicolor_m145	scoelicolor_m145_p004162	KO	K01625
scoelicolor_m145	scoelicolor_m145_p004239	KO	K00762
scoelicolor_m145	scoelicolor_m145_p004240	KO	K01785
scoelicolor_m145	scoelicolor_m145_p004243	KO	K14267
scoelicolor_m145	scoelicolor_m145_p004294	KO	K17836
scoelicolor_m145	scoelicolor_m145_p004319	KO	K00074
scoelicolor_m145	scoelicolor_m145_p004330	KO	K01658
scoelicolor_m145	scoelicolor_m145_p004367	KO	K03147
scoelicolor_m145	scoelicolor_m145_p004379	KO	K00817
scoelicolor_m145	scoelicolor_m145_p004432	KO	K01945
scoelicolor_m145	scoelicolor_m145_p004448	KO	K11752
scoelicolor_m145	scoelicolor_m145_p004451	KO	K01953
scoelicolor_m145	scoelicolor_m145_p004464	KO	K02037
scoelicolor_m145	scoelicolor_m145_p004511	KO	K11904
scoelicolor_m145	scoelicolor_m145_p004530	KO	K01443
scoelicolor_m145	scoelicolor_m145_p004578	KO	K00275
scoelicolor_m145	scoelicolor_m145_p004658	KO	K02654
scoelicolor_m145	scoelicolor_m145_p004659	KO	K11784
scoelicolor_m145	scoelicolor_m145_p004679	KO	K00175
scoelicolor_m145	scoelicolor_m145_p004680	KO	K00174
scoelicolor_m145	scoelicolor_m145_p004715	KO	K00812
scoelicolor_m145	scoelicolor_m145_p004778	KO	K00602
scoelicolor_m145	scoelicolor_m145_p004784	KO	K00130
scoelicolor_m145	scoelicolor_m145_p004846	KO	K01754
scoelicolor_m145	scoelicolor_m145_p004855	KO	K00874
scoelicolor_m145	scoelicolor_m145_p004876	KO	K01679
scoelicolor_m145	scoelicolor_m145_p004913	KO	K00239
scoelicolor_m145	scoelicolor_m145_p004929	KO	K01439
scoelicolor_m145	scoelicolor_m145_p004956	KO	K01207
scoelicolor_m145	scoelicolor_m145_p004957	KO	K02564
scoelicolor_m145	scoelicolor_m145_p004974	KO	K01616
scoelicolor_m145	scoelicolor_m145_p005012	KO	K01586
scoelicolor_m145	scoelicolor_m145_p005013	KO	K00872
scoelicolor_m145	scoelicolor_m145_p005015	KO	K02851
scoelicolor_m145	scoelicolor_m145_p005018	KO	K01183
scoelicolor_m145	scoelicolor_m145_p005022	KO	K00074
scoelicolor_m145	scoelicolor_m145_p005027	KO	K00626
scoelicolor_m145	scoelicolor_m145_p005037	KO	K00925
scoelicolor_m145	scoelicolor_m145_p005038	KO	K13788
scoelicolor_m145	scoelicolor_m145_p005054	KO	K01692
scoelicolor_m145	scoelicolor_m145_p005073	KO	K00052
scoelicolor_m145	scoelicolor_m145_p005074	KO	K00826
scoelicolor_m145	scoelicolor_m145_p005076	KO	K14048
scoelicolor_m145	scoelicolor_m145_p005077	KO	K01428
scoelicolor_m145	scoelicolor_m145_p005078	KO	K01649
scoelicolor_m145	scoelicolor_m145_p005086	KO	K01704
scoelicolor_m145	scoelicolor_m145_p005128	KO	K18286
scoelicolor_m145	scoelicolor_m145_p005130	KO	K00130
scoelicolor_m145	scoelicolor_m145_p005145	KO	K15923
scoelicolor_m145	scoelicolor_m145_p005173	KO	K00215
scoelicolor_m145	scoelicolor_m145_p005176	KO	K01714
scoelicolor_m145	scoelicolor_m145_p005196	KO	K01778
scoelicolor_m145	scoelicolor_m145_p005201	KO	K00836
scoelicolor_m145	scoelicolor_m145_p005250	KO	K01387
scoelicolor_m145	scoelicolor_m145_p005257	KO	K01181
scoelicolor_m145	scoelicolor_m145_p005272	KO	K01183
scoelicolor_m145	scoelicolor_m145_p005285	KO	K00611
scoelicolor_m145	scoelicolor_m145_p005304	KO	K01207
scoelicolor_m145	scoelicolor_m145_p005330	KO	K09951
scoelicolor_m145	scoelicolor_m145_p005338	KO	K03795
scoelicolor_m145	scoelicolor_m145_p005406	KO	K01652
scoelicolor_m145	scoelicolor_m145_p005408	KO	K07127
scoelicolor_m145	scoelicolor_m145_p005428	KO	K01638
scoelicolor_m145	scoelicolor_m145_p005430	KO	K01477
scoelicolor_m145	scoelicolor_m145_p005443	KO	K00175
scoelicolor_m145	scoelicolor_m145_p005444	KO	K00174
scoelicolor_m145	scoelicolor_m145_p005456	KO	K01777
scoelicolor_m145	scoelicolor_m145_p005459	KO	K17735
scoelicolor_m145	scoelicolor_m145_p005460	KO	K27837
scoelicolor_m145	scoelicolor_m145_p005462	KO	K01207
scoelicolor_m145	scoelicolor_m145_p005480	KO	K14727
scoelicolor_m145	scoelicolor_m145_p005482	KO	K01426
scoelicolor_m145	scoelicolor_m145_p005532	KO	K01586
scoelicolor_m145	scoelicolor_m145_p005550	KO	K01644
scoelicolor_m145	scoelicolor_m145_p005552	KO	K00074
scoelicolor_m145	scoelicolor_m145_p005602	KO	K01186
scoelicolor_m145	scoelicolor_m145_p005604	KO	K00077
scoelicolor_m145	scoelicolor_m145_p005617	KO	K01903
scoelicolor_m145	scoelicolor_m145_p005618	KO	K01902
scoelicolor_m145	scoelicolor_m145_p005661	KO	K01497
scoelicolor_m145	scoelicolor_m145_p005675	KO	K02362
scoelicolor_m145	scoelicolor_m145_p005757	KO	K02040
scoelicolor_m145	scoelicolor_m145_p005760	KO	K00800
scoelicolor_m145	scoelicolor_m145_p005860	KO	K01915
scoelicolor_m145	scoelicolor_m145_p005865	KO	K02228
scoelicolor_m145	scoelicolor_m145_p005883	KO	K00031
scoelicolor_m145	scoelicolor_m145_p005901	KO	K00135
scoelicolor_m145	scoelicolor_m145_p005937	KO	K00163
scoelicolor_m145	scoelicolor_m145_p005953	KO	K00053
scoelicolor_m145	scoelicolor_m145_p006023	KO	K01754
scoelicolor_m145	scoelicolor_m145_p006109	KO	K01912
scoelicolor_m145	scoelicolor_m145_p006111	KO	K02609
scoelicolor_m145	scoelicolor_m145_p006112	KO	K02611
scoelicolor_m145	scoelicolor_m145_p006130	KO	K03119
scoelicolor_m145	scoelicolor_m145_p006152	KO	K10831
scoelicolor_m145	scoelicolor_m145_p006161	KO	K01470
scoelicolor_m145	scoelicolor_m145_p006175	KO	K01426
scoelicolor_m145	scoelicolor_m145_p006213	KO	K02363
scoelicolor_m145	scoelicolor_m145_p006221	KO	K04781
scoelicolor_m145	scoelicolor_m145_p006315	KO	K01644
scoelicolor_m145	scoelicolor_m145_p006316	KO	K01666
scoelicolor_m145	scoelicolor_m145_p006517	KO	K01591
scoelicolor_m145	scoelicolor_m145_p006554	KO	K02495
scoelicolor_m145	scoelicolor_m145_p006602	KO	K02040
scoelicolor_m145	scoelicolor_m145_p006607	KO	K11783
scoelicolor_m145	scoelicolor_m145_p006616	KO	K04093
scoelicolor_m145	scoelicolor_m145_p006626	KO	K01676
scoelicolor_m145	scoelicolor_m145_p006627	KO	K00796
scoelicolor_m145	scoelicolor_m145_p006660	KO	K01470
scoelicolor_m145	scoelicolor_m145_p006770	KO	K00259
scoelicolor_m145	scoelicolor_m145_p006779	KO	K02612
scoelicolor_m145	scoelicolor_m145_p006792	KO	K02231
scoelicolor_m145	scoelicolor_m145_p006794	KO	K14727
scoelicolor_m145	scoelicolor_m145_p006801	KO	K01739
scoelicolor_m145	scoelicolor_m145_p006801	KO	K01760
scoelicolor_m145	scoelicolor_m145_p006821	KO	K01915
scoelicolor_m145	scoelicolor_m145_p006833	KO	K00764
scoelicolor_m145	scoelicolor_m145_p006847	KO	K00382
scoelicolor_m145	scoelicolor_m145_p006945	KO	K11754
scoelicolor_m145	scoelicolor_m145_p006965	KO	K00831
scoelicolor_m145	scoelicolor_m145_p007008	KO	K01186
scoelicolor_m145	scoelicolor_m145_p007012	KO	K01198
scoelicolor_m145	scoelicolor_m145_p007079	KO	K05936
scoelicolor_m145	scoelicolor_m145_p007080	KO	K00595
scoelicolor_m145	scoelicolor_m145_p007081	KO	K02189
scoelicolor_m145	scoelicolor_m145_p007081	KO	K13541
scoelicolor_m145	scoelicolor_m145_p007082	KO	K00817
scoelicolor_m145	scoelicolor_m145_p007090	KO	K01176
scoelicolor_m145	scoelicolor_m145_p007090	KO	K01200
scoelicolor_m145	scoelicolor_m145_p007099	KO	K01785
scoelicolor_m145	scoelicolor_m145_p007102	KO	K00363
scoelicolor_m145	scoelicolor_m145_p007126	KO	K09693
scoelicolor_m145	scoelicolor_m145_p007187	KO	K01733
scoelicolor_m145	scoelicolor_m145_p007203	KO	K01005
scoelicolor_m145	scoelicolor_m145_p007224	KO	K00003
scoelicolor_m145	scoelicolor_m145_p007351	KO	K01657
scoelicolor_m145	scoelicolor_m145_p007450	KO	K01714
scoelicolor_m145	scoelicolor_m145_p007460	KO	K03795
scoelicolor_m145	scoelicolor_m145_p007468	KO	K01005
scoelicolor_m145	scoelicolor_m145_p007543	KO	K00058
scoelicolor_m145	scoelicolor_m145_p007693	KO	K01206
scoelicolor_m145	scoelicolor_m145_p007704	KO	K00065
scoelicolor_m145	scoelicolor_m145_p007870	KO	K01005
scoelicolor_m145	scoelicolor_m145_p007871	KO	K15866
cacetobutylicum_824	cacetobutylicum_824_p000030	KO	K04072
cacetobutylicum_824	cacetobutylicum_824_p000042	KO	K03406
cacetobutylicum_824	cacetobutylicum_824_p000047	KO	K01181
cacetobutylicum_824	cacetobutylicum_824_p000053	KO	K19271
cacetobutylicum_824	cacetobutylicum_824_p000070	KO	K00626
cacetobutylicum_824	cacetobutylicum_824_p000096	KO	K15921
cacetobutylicum_824	cacetobutylicum_824_p000097	KO	K01181
cacetobutylicum_824	cacetobutylicum_824_p000101	KO	K15921
cacetobutylicum_824	cacetobutylicum_824_p000139	KO	K04072
cacetobutylicum_824	cacetobutylicum_824_p000167	KO	K00058
cacetobutylicum_824	cacetobutylicum_824_p000174	KO	K00133
cacetobutylicum_824	cacetobutylicum_824_p000238	KO	K00053
cacetobutylicum_824	cacetobutylicum_824_p000245	KO	K02303
cacetobutylicum_824	cacetobutylicum_824_p000245	KO	K13542
cacetobutylicum_824	cacetobutylicum_824_p000249	KO	K01740
cacetobutylicum_824	cacetobutylicum_824_p000250	KO	K00860
cacetobutylicum_824	cacetobutylicum_824_p000256	KO	K00957
cacetobutylicum_824	cacetobutylicum_824_p000263	KO	K03413
cacetobutylicum_824	cacetobutylicum_824_p000264	KO	K03407
cacetobutylicum_824	cacetobutylicum_824_p000265	KO	K03408
cacetobutylicum_824	cacetobutylicum_824_p000266	KO	K03406
cacetobutylicum_824	cacetobutylicum_824_p000267	KO	K00575
cacetobutylicum_824	cacetobutylicum_824_p000318	KO	K28208
cacetobutylicum_824	cacetobutylicum_824_p000322	KO	K02564
cacetobutylicum_824	cacetobutylicum_824_p000323	KO	K01443
cacetobutylicum_824	cacetobutylicum_824_p000325	KO	K17836
cacetobutylicum_824	cacetobutylicum_824_p000343	KO	K01012
cacetobutylicum_824	cacetobutylicum_824_p000367	KO	K19271
cacetobutylicum_824	cacetobutylicum_824_p000381	KO	K03406
cacetobutylicum_824	cacetobutylicum_824_p000384	KO	K02588
cacetobutylicum_824	cacetobutylicum_824_p000387	KO	K02586
cacetobutylicum_824	cacetobutylicum_824_p000388	KO	K02591
cacetobutylicum_824	cacetobutylicum_824_p000389	KO	K02587
cacetobutylicum_824	cacetobutylicum_824_p000390	KO	K02585
cacetobutylicum_824	cacetobutylicum_824_p000390	KO	K02592
cacetobutylicum_824	cacetobutylicum_824_p000398	KO	K00016
cacetobutylicum_824	cacetobutylicum_824_p000402	KO	K01649
cacetobutylicum_824	cacetobutylicum_824_p000420	KO	K24042
cacetobutylicum_824	cacetobutylicum_824_p000433	KO	K02556
cacetobutylicum_824	cacetobutylicum_824_p000434	KO	K02557
cacetobutylicum_824	cacetobutylicum_824_p000444	KO	K00611
cacetobutylicum_824	cacetobutylicum_824_p000486	KO	K00065
cacetobutylicum_824	cacetobutylicum_824_p000499	KO	K00841
cacetobutylicum_824	cacetobutylicum_824_p000512	KO	K01760
cacetobutylicum_824	cacetobutylicum_824_p000513	KO	K01760
cacetobutylicum_824	cacetobutylicum_824_p000516	KO	K01625
cacetobutylicum_824	cacetobutylicum_824_p000517	KO	K00874
cacetobutylicum_824	cacetobutylicum_824_p000551	KO	K03406
cacetobutylicum_824	cacetobutylicum_824_p000552	KO	K03406
cacetobutylicum_824	cacetobutylicum_824_p000561	KO	K03406
cacetobutylicum_824	cacetobutylicum_824_p000612	KO	K00788
cacetobutylicum_824	cacetobutylicum_824_p000636	KO	K01465
cacetobutylicum_824	cacetobutylicum_824_p000656	KO	K03406
cacetobutylicum_824	cacetobutylicum_824_p000657	KO	K03406
cacetobutylicum_824	cacetobutylicum_824_p000679	KO	K00133
cacetobutylicum_824	cacetobutylicum_824_p000685	KO	K00548
cacetobutylicum_824	cacetobutylicum_824_p000687	KO	K02227
cacetobutylicum_824	cacetobutylicum_824_p000688	KO	K03399
cacetobutylicum_824	cacetobutylicum_824_p000689	KO	K03409
cacetobutylicum_824	cacetobutylicum_824_p000690	KO	K03409
cacetobutylicum_824	cacetobutylicum_824_p000694	KO	K00793
cacetobutylicum_824	cacetobutylicum_824_p000695	KO	K01497
cacetobutylicum_824	cacetobutylicum_824_p000695	KO	K14652
cacetobutylicum_824	cacetobutylicum_824_p000696	KO	K00794
cacetobutylicum_824	cacetobutylicum_824_p000697	KO	K06215
cacetobutylicum_824	cacetobutylicum_824_p000698	KO	K08681
cacetobutylicum_824	cacetobutylicum_824_p000710	KO	K01586
cacetobutylicum_824	cacetobutylicum_824_p000726	KO	K21064
cacetobutylicum_824	cacetobutylicum_824_p000777	KO	K00640
cacetobutylicum_824	cacetobutylicum_824_p000782	KO	K01812
cacetobutylicum_824	cacetobutylicum_824_p000785	KO	K00041
cacetobutylicum_824	cacetobutylicum_824_p000786	KO	K01685
cacetobutylicum_824	cacetobutylicum_824_p000787	KO	K01785
cacetobutylicum_824	cacetobutylicum_824_p000788	KO	K21064
cacetobutylicum_824	cacetobutylicum_824_p000822	KO	K00262
cacetobutylicum_824	cacetobutylicum_824_p000823	KO	K09951
cacetobutylicum_824	cacetobutylicum_824_p000825	KO	K03406
cacetobutylicum_824	cacetobutylicum_824_p000852	KO	K22373
cacetobutylicum_824	cacetobutylicum_824_p000885	KO	K01728
cacetobutylicum_824	cacetobutylicum_824_p000886	KO	K03406
cacetobutylicum_824	cacetobutylicum_824_p000896	KO	K03406
cacetobutylicum_824	cacetobutylicum_824_p000969	KO	K03856
cacetobutylicum_824	cacetobutylicum_824_p000970	KO	K04517
cacetobutylicum_824	cacetobutylicum_824_p000971	KO	K01735
cacetobutylicum_824	cacetobutylicum_824_p000972	KO	K00800
cacetobutylicum_824	cacetobutylicum_824_p000973	KO	K01736
cacetobutylicum_824	cacetobutylicum_824_p000975	KO	K00891
cacetobutylicum_824	cacetobutylicum_824_p000976	KO	K03786
cacetobutylicum_824	cacetobutylicum_824_p001005	KO	K01760
cacetobutylicum_824	cacetobutylicum_824_p001006	KO	K01738
cacetobutylicum_824	cacetobutylicum_824_p001011	KO	K00765
cacetobutylicum_824	cacetobutylicum_824_p001012	KO	K00013
cacetobutylicum_824	cacetobutylicum_824_p001013	KO	K01693
cacetobutylicum_824	cacetobutylicum_824_p001014	KO	K02501
cacetobutylicum_824	cacetobutylicum_824_p001015	KO	K01814
cacetobutylicum_824	cacetobutylicum_824_p001016	KO	K02500
cacetobutylicum_824	cacetobutylicum_824_p001017	KO	K01496
cacetobutylicum_824	cacetobutylicum_824_p001043	KO	K05942
cacetobutylicum_824	cacetobutylicum_824_p001045	KO	K00030
cacetobutylicum_824	cacetobutylicum_824_p001046	KO	K01940
cacetobutylicum_824	cacetobutylicum_824_p001047	KO	K01755
cacetobutylicum_824	cacetobutylicum_824_p001052	KO	K00656
cacetobutylicum_824	cacetobutylicum_824_p001053	KO	K04069
cacetobutylicum_824	cacetobutylicum_824_p001070	KO	K00003
cacetobutylicum_824	cacetobutylicum_824_p001071	KO	K01733
cacetobutylicum_824	cacetobutylicum_824_p001074	KO	K00763
cacetobutylicum_824	cacetobutylicum_824_p001094	KO	K00767
cacetobutylicum_824	cacetobutylicum_824_p001095	KO	K00278
cacetobutylicum_824	cacetobutylicum_824_p001096	KO	K03517
cacetobutylicum_824	cacetobutylicum_824_p001119	KO	K01950
cacetobutylicum_824	cacetobutylicum_824_p001274	KO	K06209
cacetobutylicum_824	cacetobutylicum_824_p001275	KO	K00872
cacetobutylicum_824	cacetobutylicum_824_p001298	KO	K00969
cacetobutylicum_824	cacetobutylicum_824_p001300	KO	K01005
cacetobutylicum_824	cacetobutylicum_824_p001313	KO	K02495
cacetobutylicum_824	cacetobutylicum_824_p001335	KO	K22391
cacetobutylicum_824	cacetobutylicum_824_p001359	KO	K01686
cacetobutylicum_824	cacetobutylicum_824_p001360	KO	K01686
cacetobutylicum_824	cacetobutylicum_824_p001369	KO	K03077
cacetobutylicum_824	cacetobutylicum_824_p001370	KO	K01804
cacetobutylicum_824	cacetobutylicum_824_p001374	KO	K01804
cacetobutylicum_824	cacetobutylicum_824_p001377	KO	K01785
cacetobutylicum_824	cacetobutylicum_824_p001379	KO	K03406
cacetobutylicum_824	cacetobutylicum_824_p001380	KO	K02804
cacetobutylicum_824	cacetobutylicum_824_p001383	KO	K03150
cacetobutylicum_824	cacetobutylicum_824_p001387	KO	K01935
cacetobutylicum_824	cacetobutylicum_824_p001388	KO	K00833
cacetobutylicum_824	cacetobutylicum_824_p001389	KO	K04565
cacetobutylicum_824	cacetobutylicum_824_p001395	KO	K02189
cacetobutylicum_824	cacetobutylicum_824_p001397	KO	K00768
cacetobutylicum_824	cacetobutylicum_824_p001398	KO	K02190
cacetobutylicum_824	cacetobutylicum_824_p001399	KO	K02232
cacetobutylicum_824	cacetobutylicum_824_p001400	KO	K02224
cacetobutylicum_824	cacetobutylicum_824_p001401	KO	K06042
cacetobutylicum_824	cacetobutylicum_824_p001402	KO	K02188
cacetobutylicum_824	cacetobutylicum_824_p001403	KO	K02191
cacetobutylicum_824	cacetobutylicum_824_p001404	KO	K03394
cacetobutylicum_824	cacetobutylicum_824_p001405	KO	K05936
cacetobutylicum_824	cacetobutylicum_824_p001406	KO	K05895
cacetobutylicum_824	cacetobutylicum_824_p001407	KO	K05934
cacetobutylicum_824	cacetobutylicum_824_p001408	KO	K02231
cacetobutylicum_824	cacetobutylicum_824_p001409	KO	K02233
cacetobutylicum_824	cacetobutylicum_824_p001410	KO	K02226
cacetobutylicum_824	cacetobutylicum_824_p001412	KO	K03406
cacetobutylicum_824	cacetobutylicum_824_p001415	KO	K01588
cacetobutylicum_824	cacetobutylicum_824_p001416	KO	K01923
cacetobutylicum_824	cacetobutylicum_824_p001417	KO	K00764
cacetobutylicum_824	cacetobutylicum_824_p001418	KO	K01933
cacetobutylicum_824	cacetobutylicum_824_p001419	KO	K11175
cacetobutylicum_824	cacetobutylicum_824_p001420	KO	K00602
cacetobutylicum_824	cacetobutylicum_824_p001421	KO	K01945
cacetobutylicum_824	cacetobutylicum_824_p001444	KO	K04069
cacetobutylicum_824	cacetobutylicum_824_p001452	KO	K01784
cacetobutylicum_824	cacetobutylicum_824_p001489	KO	K00077
cacetobutylicum_824	cacetobutylicum_824_p001496	KO	K00826
cacetobutylicum_824	cacetobutylicum_824_p001536	KO	K03406
cacetobutylicum_824	cacetobutylicum_824_p001566	KO	K02406
cacetobutylicum_824	cacetobutylicum_824_p001588	KO	K03406
cacetobutylicum_824	cacetobutylicum_824_p001606	KO	K03406
cacetobutylicum_824	cacetobutylicum_824_p001607	KO	K03406
cacetobutylicum_824	cacetobutylicum_824_p001611	KO	K00077
cacetobutylicum_824	cacetobutylicum_824_p001635	KO	K01012
cacetobutylicum_824	cacetobutylicum_824_p001638	KO	K02406
cacetobutylicum_824	cacetobutylicum_824_p001654	KO	K01952
cacetobutylicum_824	cacetobutylicum_824_p001671	KO	K00265
cacetobutylicum_824	cacetobutylicum_824_p001672	KO	K00266
cacetobutylicum_824	cacetobutylicum_824_p001688	KO	K02669
cacetobutylicum_824	cacetobutylicum_824_p001697	KO	K07657
cacetobutylicum_824	cacetobutylicum_824_p001697	KO	K07658
cacetobutylicum_824	cacetobutylicum_824_p001698	KO	K07636
cacetobutylicum_824	cacetobutylicum_824_p001700	KO	K03406
cacetobutylicum_824	cacetobutylicum_824_p001701	KO	K02040
cacetobutylicum_824	cacetobutylicum_824_p001702	KO	K02037
cacetobutylicum_824	cacetobutylicum_824_p001703	KO	K02038
cacetobutylicum_824	cacetobutylicum_824_p001704	KO	K02036
cacetobutylicum_824	cacetobutylicum_824_p001705	KO	K02039
cacetobutylicum_824	cacetobutylicum_824_p001736	KO	K00625
cacetobutylicum_824	cacetobutylicum_824_p001737	KO	K00925
cacetobutylicum_824	cacetobutylicum_824_p001770	KO	K00763
cacetobutylicum_824	cacetobutylicum_824_p001771	KO	K00969
cacetobutylicum_824	cacetobutylicum_824_p001772	KO	K01950
cacetobutylicum_824	cacetobutylicum_824_p001799	KO	K00928
cacetobutylicum_824	cacetobutylicum_824_p001807	KO	K00812
cacetobutylicum_824	cacetobutylicum_824_p001809	KO	K01756
cacetobutylicum_824	cacetobutylicum_824_p001813	KO	K00651
cacetobutylicum_824	cacetobutylicum_824_p001829	KO	K02557
cacetobutylicum_824	cacetobutylicum_824_p001830	KO	K02556
cacetobutylicum_824	cacetobutylicum_824_p002086	KO	K02391
cacetobutylicum_824	cacetobutylicum_824_p002092	KO	K02400
cacetobutylicum_824	cacetobutylicum_824_p002093	KO	K02401
cacetobutylicum_824	cacetobutylicum_824_p002093	KO	K02421
cacetobutylicum_824	cacetobutylicum_824_p002093	KO	K13820
cacetobutylicum_824	cacetobutylicum_824_p002094	KO	K02420
cacetobutylicum_824	cacetobutylicum_824_p002095	KO	K02419
cacetobutylicum_824	cacetobutylicum_824_p002104	KO	K02412
cacetobutylicum_824	cacetobutylicum_824_p002105	KO	K02411
cacetobutylicum_824	cacetobutylicum_824_p002106	KO	K02410
cacetobutylicum_824	cacetobutylicum_824_p002107	KO	K02409
cacetobutylicum_824	cacetobutylicum_824_p002108	KO	K02408
cacetobutylicum_824	cacetobutylicum_824_p002109	KO	K02388
cacetobutylicum_824	cacetobutylicum_824_p002110	KO	K02387
cacetobutylicum_824	cacetobutylicum_824_p002112	KO	K02406
cacetobutylicum_824	cacetobutylicum_824_p002144	KO	K02406
cacetobutylicum_824	cacetobutylicum_824_p002146	KO	K02407
cacetobutylicum_824	cacetobutylicum_824_p002152	KO	K02397
cacetobutylicum_824	cacetobutylicum_824_p002153	KO	K02396
cacetobutylicum_824	cacetobutylicum_824_p002156	KO	K02417
cacetobutylicum_824	cacetobutylicum_824_p002157	KO	K02416
cacetobutylicum_824	cacetobutylicum_824_p002158	KO	K03408
cacetobutylicum_824	cacetobutylicum_824_p002159	KO	K03413
cacetobutylicum_824	cacetobutylicum_824_p002160	KO	K03410
cacetobutylicum_824	cacetobutylicum_824_p002161	KO	K03407
cacetobutylicum_824	cacetobutylicum_824_p002162	KO	K00575
cacetobutylicum_824	cacetobutylicum_824_p002163	KO	K03412
cacetobutylicum_824	cacetobutylicum_824_p002165	KO	K03408
cacetobutylicum_824	cacetobutylicum_824_p002169	KO	K03737
cacetobutylicum_824	cacetobutylicum_824_p002174	KO	K01738
cacetobutylicum_824	cacetobutylicum_824_p002200	KO	K00600
cacetobutylicum_824	cacetobutylicum_824_p002206	KO	K01069
cacetobutylicum_824	cacetobutylicum_824_p002246	KO	K05946
cacetobutylicum_824	cacetobutylicum_824_p002259	KO	K01784
cacetobutylicum_824	cacetobutylicum_824_p002300	KO	K01714
cacetobutylicum_824	cacetobutylicum_824_p002301	KO	K00215
cacetobutylicum_824	cacetobutylicum_824_p002309	KO	K00821
cacetobutylicum_824	cacetobutylicum_824_p002310	KO	K00930
cacetobutylicum_824	cacetobutylicum_824_p002311	KO	K00145
cacetobutylicum_824	cacetobutylicum_824_p002312	KO	K00620
cacetobutylicum_824	cacetobutylicum_824_p002319	KO	K11754
cacetobutylicum_824	cacetobutylicum_824_p002358	KO	K00602
cacetobutylicum_824	cacetobutylicum_824_p002371	KO	K00175
cacetobutylicum_824	cacetobutylicum_824_p002372	KO	K00174
cacetobutylicum_824	cacetobutylicum_824_p002395	KO	K03406
cacetobutylicum_824	cacetobutylicum_824_p002410	KO	K03737
cacetobutylicum_824	cacetobutylicum_824_p002447	KO	K03406
cacetobutylicum_824	cacetobutylicum_824_p002461	KO	K04564
cacetobutylicum_824	cacetobutylicum_824_p002500	KO	K00854
cacetobutylicum_824	cacetobutylicum_824_p002505	KO	K03406
cacetobutylicum_824	cacetobutylicum_824_p002512	KO	K01778
cacetobutylicum_824	cacetobutylicum_824_p002532	KO	K01955
cacetobutylicum_824	cacetobutylicum_824_p002533	KO	K01956
cacetobutylicum_824	cacetobutylicum_824_p002538	KO	K17828
cacetobutylicum_824	cacetobutylicum_824_p002539	KO	K02823
cacetobutylicum_824	cacetobutylicum_824_p002540	KO	K01591
cacetobutylicum_824	cacetobutylicum_824_p002542	KO	K00609
cacetobutylicum_824	cacetobutylicum_824_p002545	KO	K01915
cacetobutylicum_824	cacetobutylicum_824_p002555	KO	K01426
cacetobutylicum_824	cacetobutylicum_824_p002563	KO	K01200
cacetobutylicum_824	cacetobutylicum_824_p002568	KO	K00874
cacetobutylicum_824	cacetobutylicum_824_p002581	KO	K01951
cacetobutylicum_824	cacetobutylicum_824_p002582	KO	K00088
cacetobutylicum_824	cacetobutylicum_824_p002589	KO	K00074
cacetobutylicum_824	cacetobutylicum_824_p002592	KO	K00248
cacetobutylicum_824	cacetobutylicum_824_p002593	KO	K01715
cacetobutylicum_824	cacetobutylicum_824_p002607	KO	K04486
cacetobutylicum_824	cacetobutylicum_824_p002623	KO	K03406
cacetobutylicum_824	cacetobutylicum_824_p002639	KO	K03406
cacetobutylicum_824	cacetobutylicum_824_p002646	KO	K03406
cacetobutylicum_824	cacetobutylicum_824_p002655	KO	K01740
cacetobutylicum_824	cacetobutylicum_824_p002656	KO	K02654
cacetobutylicum_824	cacetobutylicum_824_p002666	KO	K22227
cacetobutylicum_824	cacetobutylicum_824_p002667	KO	K22226
cacetobutylicum_824	cacetobutylicum_824_p002671	KO	K07217
cacetobutylicum_824	cacetobutylicum_824_p002688	KO	K03406
cacetobutylicum_824	cacetobutylicum_824_p002699	KO	K11358
cacetobutylicum_824	cacetobutylicum_824_p002710	KO	K00965
cacetobutylicum_824	cacetobutylicum_824_p002735	KO	K00626
cacetobutylicum_824	cacetobutylicum_824_p002736	KO	K01791
cacetobutylicum_824	cacetobutylicum_824_p002737	KO	K02851
cacetobutylicum_824	cacetobutylicum_824_p002753	KO	K01937
cacetobutylicum_824	cacetobutylicum_824_p002774	KO	K00606
cacetobutylicum_824	cacetobutylicum_824_p002775	KO	K01918
cacetobutylicum_824	cacetobutylicum_824_p002776	KO	K01579
cacetobutylicum_824	cacetobutylicum_824_p002781	KO	K03150
cacetobutylicum_824	cacetobutylicum_824_p002782	KO	K03149
cacetobutylicum_824	cacetobutylicum_824_p002786	KO	K00796
cacetobutylicum_824	cacetobutylicum_824_p002787	KO	K00950
cacetobutylicum_824	cacetobutylicum_824_p002787	KO	K01633
cacetobutylicum_824	cacetobutylicum_824_p002787	KO	K13940
cacetobutylicum_824	cacetobutylicum_824_p002796	KO	K00077
cacetobutylicum_824	cacetobutylicum_824_p002817	KO	K00849
cacetobutylicum_824	cacetobutylicum_824_p002818	KO	K01784
cacetobutylicum_824	cacetobutylicum_824_p002825	KO	K01575
cacetobutylicum_824	cacetobutylicum_824_p002828	KO	K14155
cacetobutylicum_824	cacetobutylicum_824_p002831	KO	K01625
cacetobutylicum_824	cacetobutylicum_824_p002834	KO	K01426
cacetobutylicum_824	cacetobutylicum_824_p002859	KO	K00287
cacetobutylicum_824	cacetobutylicum_824_p002868	KO	K03147
cacetobutylicum_824	cacetobutylicum_824_p002874	KO	K00620
cacetobutylicum_824	cacetobutylicum_824_p002875	KO	K22305
cacetobutylicum_824	cacetobutylicum_824_p002884	KO	K00817
cacetobutylicum_824	cacetobutylicum_824_p002899	KO	K01005
cacetobutylicum_824	cacetobutylicum_824_p002916	KO	K01005
cacetobutylicum_824	cacetobutylicum_824_p002917	KO	K01791
cacetobutylicum_824	cacetobutylicum_824_p002943	KO	K01678
cacetobutylicum_824	cacetobutylicum_824_p002947	KO	K00878
cacetobutylicum_824	cacetobutylicum_824_p003002	KO	K01695
cacetobutylicum_824	cacetobutylicum_824_p003003	KO	K01696
cacetobutylicum_824	cacetobutylicum_824_p003004	KO	K01817
cacetobutylicum_824	cacetobutylicum_824_p003005	KO	K01609
cacetobutylicum_824	cacetobutylicum_824_p003006	KO	K00766
cacetobutylicum_824	cacetobutylicum_824_p003007	KO	K01658
cacetobutylicum_824	cacetobutylicum_824_p003007	KO	K01951
cacetobutylicum_824	cacetobutylicum_824_p003008	KO	K01657
cacetobutylicum_824	cacetobutylicum_824_p003014	KO	K01652
cacetobutylicum_824	cacetobutylicum_824_p003015	KO	K01687
cacetobutylicum_824	cacetobutylicum_824_p003016	KO	K00052
cacetobutylicum_824	cacetobutylicum_824_p003017	KO	K01704
cacetobutylicum_824	cacetobutylicum_824_p003018	KO	K01703
cacetobutylicum_824	cacetobutylicum_824_p003019	KO	K01649
cacetobutylicum_824	cacetobutylicum_824_p003080	KO	K03406
cacetobutylicum_824	cacetobutylicum_824_p003087	KO	K00286
cacetobutylicum_824	cacetobutylicum_824_p003088	KO	K00931
cacetobutylicum_824	cacetobutylicum_824_p003089	KO	K00147
cacetobutylicum_824	cacetobutylicum_824_p003179	KO	K03406
cacetobutylicum_824	cacetobutylicum_824_p003194	KO	K01051
cacetobutylicum_824	cacetobutylicum_824_p003206	KO	K03406
cacetobutylicum_824	cacetobutylicum_824_p003215	KO	K03406
cacetobutylicum_824	cacetobutylicum_824_p003251	KO	K01209
cacetobutylicum_824	cacetobutylicum_824_p003256	KO	K09951
cacetobutylicum_824	cacetobutylicum_824_p003266	KO	K01198
cacetobutylicum_824	cacetobutylicum_824_p003286	KO	K03406
cacetobutylicum_824	cacetobutylicum_824_p003315	KO	K03406
cacetobutylicum_824	cacetobutylicum_824_p003316	KO	K03406
cacetobutylicum_824	cacetobutylicum_824_p003344	KO	K03406
cacetobutylicum_824	cacetobutylicum_824_p003351	KO	K00016
cacetobutylicum_824	cacetobutylicum_824_p003389	KO	K01939
cacetobutylicum_824	cacetobutylicum_824_p003395	KO	K01714
cacetobutylicum_824	cacetobutylicum_824_p003399	KO	K01687
cacetobutylicum_824	cacetobutylicum_824_p003402	KO	K00077
cacetobutylicum_824	cacetobutylicum_824_p003421	KO	K01495
cacetobutylicum_824	cacetobutylicum_824_p003443	KO	K01652
cacetobutylicum_824	cacetobutylicum_824_p003476	KO	K03406
cacetobutylicum_824	cacetobutylicum_824_p003577	KO	K01207
cacetobutylicum_824	cacetobutylicum_824_p003582	KO	K03406
cacetobutylicum_824	cacetobutylicum_824_p003596	KO	K03406
cacetobutylicum_824	cacetobutylicum_824_p003639	KO	K01677
cacetobutylicum_824	cacetobutylicum_824_p003680	KO	K11752
cacetobutylicum_824	cacetobutylicum_824_p003725	KO	K00941
cacetobutylicum_824	cacetobutylicum_824_p003727	KO	K03406
cacetobutylicum_824	cacetobutylicum_824_p003763	KO	K02190
cacetobutylicum_824	cacetobutylicum_824_p003767	KO	K03406
cacetobutylicum_824	cacetobutylicum_824_p003781	KO	K03406
synechocystis_6803	synechocystis_6803_p000040	KO	K05946
synechocystis_6803	synechocystis_6803_p000048	KO	K02654
synechocystis_6803	synechocystis_6803_p000050	KO	K00215
synechocystis_6803	synechocystis_6803_p000051	KO	K23269
synechocystis_6803	synechocystis_6803_p000068	KO	K01738
synechocystis_6803	synechocystis_6803_p000090	KO	K01657
synechocystis_6803	synechocystis_6803_p000094	KO	K02039
synechocystis_6803	synechocystis_6803_p000101	KO	K05936
synechocystis_6803	synechocystis_6803_p000115	KO	K09774
synechocystis_6803	synechocystis_6803_p000116	KO	K06861
synechocystis_6803	synechocystis_6803_p000117	KO	K05895
synechocystis_6803	synechocystis_6803_p000147	KO	K00950
synechocystis_6803	synechocystis_6803_p000168	KO	K00266
synechocystis_6803	synechocystis_6803_p000179	KO	K00259
synechocystis_6803	synechocystis_6803_p000180	KO	K03474
synechocystis_6803	synechocystis_6803_p000193	KO	K08973
synechocystis_6803	synechocystis_6803_p000196	KO	K00891
synechocystis_6803	synechocystis_6803_p000207	KO	K04518
synechocystis_6803	synechocystis_6803_p000216	KO	K00031
synechocystis_6803	synechocystis_6803_p000242	KO	K00228
synechocystis_6803	synechocystis_6803_p000248	KO	K00381
synechocystis_6803	synechocystis_6803_p000248	KO	K00392
synechocystis_6803	synechocystis_6803_p000251	KO	K01695
synechocystis_6803	synechocystis_6803_p000256	KO	K02189
synechocystis_6803	synechocystis_6803_p000256	KO	K05934
synechocystis_6803	synechocystis_6803_p000256	KO	K13541
synechocystis_6803	synechocystis_6803_p000258	KO	K03856
synechocystis_6803	synechocystis_6803_p000292	KO	K01784
synechocystis_6803	synechocystis_6803_p000317	KO	K01069
synechocystis_6803	synechocystis_6803_p000332	KO	K02851
synechocystis_6803	synechocystis_6803_p000348	KO	K00788
synechocystis_6803	synechocystis_6803_p000378	KO	K00265
synechocystis_6803	synechocystis_6803_p000378	KO	K00284
synechocystis_6803	synechocystis_6803_p000380	KO	K02224
synechocystis_6803	synechocystis_6803_p000384	KO	K03406
synechocystis_6803	synechocystis_6803_p000403	KO	K01915
synechocystis_6803	synechocystis_6803_p000410	KO	K01580
synechocystis_6803	synechocystis_6803_p000424	KO	K00013
synechocystis_6803	synechocystis_6803_p000427	KO	K01428
synechocystis_6803	synechocystis_6803_p000440	KO	K00931
synechocystis_6803	synechocystis_6803_p000461	KO	K00600
synechocystis_6803	synechocystis_6803_p000488	KO	K00821
synechocystis_6803	synechocystis_6803_p000511	KO	K00925
synechocystis_6803	synechocystis_6803_p000520	KO	K03406
synechocystis_6803	synechocystis_6803_p000582	KO	K00796
synechocystis_6803	synechocystis_6803_p000589	KO	K01755
synechocystis_6803	synechocystis_6803_p000617	KO	K01939
synechocystis_6803	synechocystis_6803_p000652	KO	K00930
synechocystis_6803	synechocystis_6803_p000675	KO	K02230
synechocystis_6803	synechocystis_6803_p000680	KO	K03786
synechocystis_6803	synechocystis_6803_p000685	KO	K01754
synechocystis_6803	synechocystis_6803_p000692	KO	K01736
synechocystis_6803	synechocystis_6803_p000719	KO	K00162
synechocystis_6803	synechocystis_6803_p000729	KO	K00817
synechocystis_6803	synechocystis_6803_p000753	KO	K00367
synechocystis_6803	synechocystis_6803_p000757	KO	K00766
synechocystis_6803	synechocystis_6803_p000773	KO	K01923
synechocystis_6803	synechocystis_6803_p000781	KO	K00239
synechocystis_6803	synechocystis_6803_p000795	KO	K01661
synechocystis_6803	synechocystis_6803_p000803	KO	K01785
synechocystis_6803	synechocystis_6803_p000824	KO	K00794
synechocystis_6803	synechocystis_6803_p000834	KO	K01012
synechocystis_6803	synechocystis_6803_p000841	KO	K02191
synechocystis_6803	synechocystis_6803_p000850	KO	K01426
synechocystis_6803	synechocystis_6803_p000854	KO	K01005
synechocystis_6803	synechocystis_6803_p000902	KO	K00766
synechocystis_6803	synechocystis_6803_p000926	KO	K03394
synechocystis_6803	synechocystis_6803_p000927	KO	K00872
synechocystis_6803	synechocystis_6803_p000941	KO	K13788
synechocystis_6803	synechocystis_6803_p000979	KO	K02650
synechocystis_6803	synechocystis_6803_p000986	KO	K01733
synechocystis_6803	synechocystis_6803_p000995	KO	K00240
synechocystis_6803	synechocystis_6803_p001022	KO	K08289
synechocystis_6803	synechocystis_6803_p001031	KO	K01591
synechocystis_6803	synechocystis_6803_p001046	KO	K02040
synechocystis_6803	synechocystis_6803_p001047	KO	K02037
synechocystis_6803	synechocystis_6803_p001048	KO	K02038
synechocystis_6803	synechocystis_6803_p001049	KO	K02036
synechocystis_6803	synechocystis_6803_p001057	KO	K01430
synechocystis_6803	synechocystis_6803_p001082	KO	K00058
synechocystis_6803	synechocystis_6803_p001101	KO	K11754
synechocystis_6803	synechocystis_6803_p001133	KO	K19221
synechocystis_6803	synechocystis_6803_p001148	KO	K01784
synechocystis_6803	synechocystis_6803_p001164	KO	K04517
synechocystis_6803	synechocystis_6803_p001170	KO	K01652
synechocystis_6803	synechocystis_6803_p001172	KO	K01652
synechocystis_6803	synechocystis_6803_p001210	KO	K04564
synechocystis_6803	synechocystis_6803_p001211	KO	K00052
synechocystis_6803	synechocystis_6803_p001239	KO	K01735
synechocystis_6803	synechocystis_6803_p001284	KO	K02552
synechocystis_6803	synechocystis_6803_p001312	KO	K01918
synechocystis_6803	synechocystis_6803_p001312	KO	K13799
synechocystis_6803	synechocystis_6803_p001314	KO	K00640
synechocystis_6803	synechocystis_6803_p001337	KO	K02500
synechocystis_6803	synechocystis_6803_p001350	KO	K00620
synechocystis_6803	synechocystis_6803_p001357	KO	K01665
synechocystis_6803	synechocystis_6803_p001358	KO	K02495
synechocystis_6803	synechocystis_6803_p001388	KO	K00609
synechocystis_6803	synechocystis_6803_p001406	KO	K05946
synechocystis_6803	synechocystis_6803_p001409	KO	K02662
synechocystis_6803	synechocystis_6803_p001410	KO	K02663
synechocystis_6803	synechocystis_6803_p001411	KO	K02664
synechocystis_6803	synechocystis_6803_p001415	KO	K01733
synechocystis_6803	synechocystis_6803_p001427	KO	K01704
synechocystis_6803	synechocystis_6803_p001428	KO	K01937
synechocystis_6803	synechocystis_6803_p001448	KO	K01945
synechocystis_6803	synechocystis_6803_p001456	KO	K00958
synechocystis_6803	synechocystis_6803_p001483	KO	K01649
synechocystis_6803	synechocystis_6803_p001502	KO	K01950
synechocystis_6803	synechocystis_6803_p001511	KO	K00767
synechocystis_6803	synechocystis_6803_p001514	KO	K06042
synechocystis_6803	synechocystis_6803_p001523	KO	K03413
synechocystis_6803	synechocystis_6803_p001545	KO	K01207
synechocystis_6803	synechocystis_6803_p001547	KO	K01633
synechocystis_6803	synechocystis_6803_p001554	KO	K02669
synechocystis_6803	synechocystis_6803_p001585	KO	K00800
synechocystis_6803	synechocystis_6803_p001589	KO	K01756
synechocystis_6803	synechocystis_6803_p001591	KO	K01429
synechocystis_6803	synechocystis_6803_p001611	KO	K01915
synechocystis_6803	synechocystis_6803_p001634	KO	K01817
synechocystis_6803	synechocystis_6803_p001659	KO	K02669
synechocystis_6803	synechocystis_6803_p001668	KO	K02227
synechocystis_6803	synechocystis_6803_p001679	KO	K00161
synechocystis_6803	synechocystis_6803_p001717	KO	K00793
synechocystis_6803	synechocystis_6803_p001757	KO	K01649
synechocystis_6803	synechocystis_6803_p001765	KO	K00135
synechocystis_6803	synechocystis_6803_p001774	KO	K01759
synechocystis_6803	synechocystis_6803_p001804	KO	K00764
synechocystis_6803	synechocystis_6803_p001860	KO	K01679
synechocystis_6803	synechocystis_6803_p001864	KO	K10206
synechocystis_6803	synechocystis_6803_p001869	KO	K01951
synechocystis_6803	synechocystis_6803_p001872	KO	K02231
synechocystis_6803	synechocystis_6803_p001902	KO	K02549
synechocystis_6803	synechocystis_6803_p001913	KO	K00812
synechocystis_6803	synechocystis_6803_p001914	KO	K01647
synechocystis_6803	synechocystis_6803_p001914	KO	K01659
synechocystis_6803	synechocystis_6803_p001940	KO	K02652
synechocystis_6803	synechocystis_6803_p001943	KO	K11752
synechocystis_6803	synechocystis_6803_p001958	KO	K11175
synechocystis_6803	synechocystis_6803_p001969	KO	K00003
synechocystis_6803	synechocystis_6803_p001981	KO	K02036
synechocystis_6803	synechocystis_6803_p001982	KO	K02036
synechocystis_6803	synechocystis_6803_p001983	KO	K02038
synechocystis_6803	synechocystis_6803_p001984	KO	K02037
synechocystis_6803	synechocystis_6803_p001985	KO	K02040
synechocystis_6803	synechocystis_6803_p001986	KO	K02040
synechocystis_6803	synechocystis_6803_p001998	KO	K02233
synechocystis_6803	synechocystis_6803_p002008	KO	K02551
synechocystis_6803	synechocystis_6803_p002033	KO	K02303
synechocystis_6803	synechocystis_6803_p002038	KO	K00147
synechocystis_6803	synechocystis_6803_p002042	KO	K01955
synechocystis_6803	synechocystis_6803_p002045	KO	K01495
synechocystis_6803	synechocystis_6803_p002075	KO	K00548
synechocystis_6803	synechocystis_6803_p002083	KO	K00366
synechocystis_6803	synechocystis_6803_p002099	KO	K00652
synechocystis_6803	synechocystis_6803_p002103	KO	K01579
synechocystis_6803	synechocystis_6803_p002104	KO	K00024
synechocystis_6803	synechocystis_6803_p002131	KO	K02040
synechocystis_6803	synechocystis_6803_p002146	KO	K01933
synechocystis_6803	synechocystis_6803_p002148	KO	K01772
synechocystis_6803	synechocystis_6803_p002149	KO	K01426
synechocystis_6803	synechocystis_6803_p002157	KO	K00240
synechocystis_6803	synechocystis_6803_p002179	KO	K00145
synechocystis_6803	synechocystis_6803_p002180	KO	K02501
synechocystis_6803	synechocystis_6803_p002191	KO	K01693
synechocystis_6803	synechocystis_6803_p002200	KO	K10206
synechocystis_6803	synechocystis_6803_p002212	KO	K23264
synechocystis_6803	synechocystis_6803_p002213	KO	K23265
synechocystis_6803	synechocystis_6803_p002218	KO	K01935
synechocystis_6803	synechocystis_6803_p002221	KO	K01470
synechocystis_6803	synechocystis_6803_p002237	KO	K01791
synechocystis_6803	synechocystis_6803_p002239	KO	K06208
synechocystis_6803	synechocystis_6803_p002249	KO	K00595
synechocystis_6803	synechocystis_6803_p002261	KO	K03147
synechocystis_6803	synechocystis_6803_p002264	KO	K17836
synechocystis_6803	synechocystis_6803_p002270	KO	K19271
synechocystis_6803	synechocystis_6803_p002290	KO	K17838
synechocystis_6803	synechocystis_6803_p002299	KO	K06042
synechocystis_6803	synechocystis_6803_p002348	KO	K00226
synechocystis_6803	synechocystis_6803_p002351	KO	K03737
synechocystis_6803	synechocystis_6803_p002361	KO	K03406
synechocystis_6803	synechocystis_6803_p002362	KO	K03406
synechocystis_6803	synechocystis_6803_p002366	KO	K00826
synechocystis_6803	synechocystis_6803_p002368	KO	K03795
synechocystis_6803	synechocystis_6803_p002385	KO	K00606
synechocystis_6803	synechocystis_6803_p002392	KO	K01599
synechocystis_6803	synechocystis_6803_p002399	KO	K01586
synechocystis_6803	synechocystis_6803_p002403	KO	K01951
synechocystis_6803	synechocystis_6803_p002405	KO	K01696
synechocystis_6803	synechocystis_6803_p002411	KO	K00611
synechocystis_6803	synechocystis_6803_p002412	KO	K01588
synechocystis_6803	synechocystis_6803_p002418	KO	K00765
synechocystis_6803	synechocystis_6803_p002425	KO	K01609
synechocystis_6803	synechocystis_6803_p002431	KO	K00133
synechocystis_6803	synechocystis_6803_p002432	KO	K01714
synechocystis_6803	synechocystis_6803_p002446	KO	K00254
synechocystis_6803	synechocystis_6803_p002482	KO	K01814
synechocystis_6803	synechocystis_6803_p002483	KO	K00278
synechocystis_6803	synechocystis_6803_p002489	KO	K00928
synechocystis_6803	synechocystis_6803_p002491	KO	K00286
synechocystis_6803	synechocystis_6803_p002495	KO	K03517
synechocystis_6803	synechocystis_6803_p002499	KO	K01682
synechocystis_6803	synechocystis_6803_p002503	KO	K00265
synechocystis_6803	synechocystis_6803_p002503	KO	K00284
synechocystis_6803	synechocystis_6803_p002505	KO	K01956
synechocystis_6803	synechocystis_6803_p002509	KO	K00014
synechocystis_6803	synechocystis_6803_p002540	KO	K01703
synechocystis_6803	synechocystis_6803_p002579	KO	K01778
synechocystis_6803	synechocystis_6803_p002597	KO	K01687
synechocystis_6803	synechocystis_6803_p002620	KO	K01940
synechocystis_6803	synechocystis_6803_p002622	KO	K01589
synechocystis_6803	synechocystis_6803_p002628	KO	K00926
synechocystis_6803	synechocystis_6803_p002632	KO	K01470
synechocystis_6803	synechocystis_6803_p002760	KO	K15342
synechocystis_6803	synechocystis_6803_p002761	KO	K09951
synechocystis_6803	synechocystis_6803_p002797	KO	K15342
synechocystis_6803	synechocystis_6803_p002798	KO	K09951
synechocystis_6803	synechocystis_6803_p002812	KO	K15342
synechocystis_6803	synechocystis_6803_p002813	KO	K09951
synechocystis_6803	synechocystis_6803_p002826	KO	K01154
synechocystis_6803	synechocystis_6803_p002852	KO	K01153
synechocystis_6803	synechocystis_6803_p002902	KO	K03427
synechocystis_6803	synechocystis_6803_p002904	KO	K01154
synechocystis_6803	synechocystis_6803_p002929	KO	K01738
synechocystis_6803	synechocystis_6803_p002938	KO	K00817
synechocystis_6803	synechocystis_6803_p002941	KO	K01497
synechocystis_6803	synechocystis_6803_p002941	KO	K14652
synechocystis_6803	synechocystis_6803_p002942	KO	K06042
synechocystis_6803	synechocystis_6803_p002944	KO	K00275
synechocystis_6803	synechocystis_6803_p002953	KO	K03386
synechocystis_6803	synechocystis_6803_p002956	KO	K01658
synechocystis_6803	synechocystis_6803_p002959	KO	K02232
synechocystis_6803	synechocystis_6803_p002966	KO	K00053
synechocystis_6803	synechocystis_6803_p002971	KO	K00602
synechocystis_6803	synechocystis_6803_p002972	KO	K01496
synechocystis_6803	synechocystis_6803_p002972	KO	K11755
synechocystis_6803	synechocystis_6803_p002993	KO	K00382
synechocystis_6803	synechocystis_6803_p003045	KO	K02188
synechocystis_6803	synechocystis_6803_p003090	KO	K03782
synechocystis_6803	synechocystis_6803_p003145	KO	K01625
synechocystis_6803	synechocystis_6803_p003191	KO	K03795
synechocystis_6803	synechocystis_6803_p003223	KO	K07091
synechocystis_6803	synechocystis_6803_p003223	KO	K11720
synechocystis_6803	synechocystis_6803_p003235	KO	K07091
synechocystis_6803	synechocystis_6803_p003235	KO	K11720
synechocystis_6803	synechocystis_6803_p003277	KO	K07012
synechocystis_6803	synechocystis_6803_p003283	KO	K01153
synechocystis_6803	synechocystis_6803_p003369	KO	K01005
synechocystis_6803	synechocystis_6803_p003561	KO	K03149
synechocystis_6803	synechocystis_6803_p003568	KO	K02303
synechocystis_6803	synechocystis_6803_p003568	KO	K13542
mjannaschii_2661	mjannaschii_2661_p000015	KO	K02188
mjannaschii_2661	mjannaschii_2661_p000019	KO	K00239
mjannaschii_2661	mjannaschii_2661_p000057	KO	K00240
mjannaschii_2661	mjannaschii_2661_p000082	KO	K03427
mjannaschii_2661	mjannaschii_2661_p000085	KO	K06863
mjannaschii_2661	mjannaschii_2661_p000119	KO	K00620
mjannaschii_2661	mjannaschii_2661_p000134	KO	K01933
mjannaschii_2661	mjannaschii_2661_p000135	KO	K00764
mjannaschii_2661	mjannaschii_2661_p000139	KO	K01784
mjannaschii_2661	mjannaschii_2661_p000154	KO	K00766
mjannaschii_2661	mjannaschii_2661_p000157	KO	K01658
mjannaschii_2661	mjannaschii_2661_p000161	KO	K01714
mjannaschii_2661	mjannaschii_2661_p000162	KO	K04093
mjannaschii_2661	mjannaschii_2661_p000174	KO	K00171
mjannaschii_2661	mjannaschii_2661_p000175	KO	K00172
mjannaschii_2661	mjannaschii_2661_p000177	KO	K00174
mjannaschii_2661	mjannaschii_2661_p000178	KO	K01652
mjannaschii_2661	mjannaschii_2661_p000244	KO	K15342
mjannaschii_2661	mjannaschii_2661_p000246	KO	K07012
mjannaschii_2661	mjannaschii_2661_p000266	KO	K02500
mjannaschii_2661	mjannaschii_2661_p000275	KO	K01940
mjannaschii_2661	mjannaschii_2661_p000293	KO	K01439
mjannaschii_2661	mjannaschii_2661_p000319	KO	K00767
mjannaschii_2661	mjannaschii_2661_p000321	KO	K01703
mjannaschii_2661	mjannaschii_2661_p000337	KO	K00175
mjannaschii_2661	mjannaschii_2661_p000348	KO	K05895
mjannaschii_2661	mjannaschii_2661_p000362	KO	K00928
mjannaschii_2661	mjannaschii_2661_p000395	KO	K01588
mjannaschii_2661	mjannaschii_2661_p000396	KO	K01678
mjannaschii_2661	mjannaschii_2661_p000409	KO	K04518
mjannaschii_2661	mjannaschii_2661_p000431	KO	K06215
mjannaschii_2661	mjannaschii_2661_p000461	KO	K00052
mjannaschii_2661	mjannaschii_2661_p000462	KO	K00821
mjannaschii_2661	mjannaschii_2661_p000471	KO	K03386
mjannaschii_2661	mjannaschii_2661_p000492	KO	K03394
mjannaschii_2661	mjannaschii_2661_p000505	KO	K01755
mjannaschii_2661	mjannaschii_2661_p000517	KO	K04069
mjannaschii_2661	mjannaschii_2661_p000535	KO	K07991
mjannaschii_2661	mjannaschii_2661_p000564	KO	K02588
mjannaschii_2661	mjannaschii_2661_p000566	KO	K00611
mjannaschii_2661	mjannaschii_2661_p000572	KO	K07325
mjannaschii_2661	mjannaschii_2661_p000573	KO	K07325
mjannaschii_2661	mjannaschii_2661_p000574	KO	K07822
mjannaschii_2661	mjannaschii_2661_p000575	KO	K07327
mjannaschii_2661	mjannaschii_2661_p000576	KO	K07329
mjannaschii_2661	mjannaschii_2661_p000583	KO	K06989
mjannaschii_2661	mjannaschii_2661_p000593	KO	K06042
mjannaschii_2661	mjannaschii_2661_p000597	KO	K01945
mjannaschii_2661	mjannaschii_2661_p000618	KO	K22011
mjannaschii_2661	mjannaschii_2661_p000634	KO	K01703
mjannaschii_2661	mjannaschii_2661_p000638	KO	K00826
mjannaschii_2661	mjannaschii_2661_p000639	KO	K02039
mjannaschii_2661	mjannaschii_2661_p000641	KO	K02036
mjannaschii_2661	mjannaschii_2661_p000645	KO	K00058
mjannaschii_2661	mjannaschii_2661_p000646	KO	K01956
mjannaschii_2661	mjannaschii_2661_p000650	KO	K03147
mjannaschii_2661	mjannaschii_2661_p000685	KO	K01657
mjannaschii_2661	mjannaschii_2661_p000692	KO	K00014
mjannaschii_2661	mjannaschii_2661_p000699	KO	K02585
mjannaschii_2661	mjannaschii_2661_p000701	KO	K00145
mjannaschii_2661	mjannaschii_2661_p000710	KO	K00762
mjannaschii_2661	mjannaschii_2661_p000715	KO	K19712
mjannaschii_2661	mjannaschii_2661_p000717	KO	K01778
mjannaschii_2661	mjannaschii_2661_p000726	KO	K01951
mjannaschii_2661	mjannaschii_2661_p000747	KO	K01426
mjannaschii_2661	mjannaschii_2661_p000768	KO	K01649
mjannaschii_2661	mjannaschii_2661_p000773	KO	K00765
mjannaschii_2661	mjannaschii_2661_p000784	KO	K04069
mjannaschii_2661	mjannaschii_2661_p000787	KO	K01571
mjannaschii_2661	mjannaschii_2661_p000808	KO	K23269
mjannaschii_2661	mjannaschii_2661_p000812	KO	K01704
mjannaschii_2661	mjannaschii_2661_p000817	KO	K01704
mjannaschii_2661	mjannaschii_2661_p000821	KO	K07991
mjannaschii_2661	mjannaschii_2661_p000825	KO	K07332
mjannaschii_2661	mjannaschii_2661_p000833	KO	K01677
mjannaschii_2661	mjannaschii_2661_p000843	KO	K02227
mjannaschii_2661	mjannaschii_2661_p000887	KO	K01649
mjannaschii_2661	mjannaschii_2661_p000887	KO	K09011
mjannaschii_2661	mjannaschii_2661_p000899	KO	K19266
mjannaschii_2661	mjannaschii_2661_p000916	KO	K02230
mjannaschii_2661	mjannaschii_2661_p000918	KO	K02823
mjannaschii_2661	mjannaschii_2661_p000926	KO	K03785
mjannaschii_2661	mjannaschii_2661_p000932	KO	K01733
mjannaschii_2661	mjannaschii_2661_p000958	KO	K01791
mjannaschii_2661	mjannaschii_2661_p000971	KO	K03399
mjannaschii_2661	mjannaschii_2661_p000978	KO	K01814
mjannaschii_2661	mjannaschii_2661_p001005	KO	K01951
mjannaschii_2661	mjannaschii_2661_p001008	KO	K05936
mjannaschii_2661	mjannaschii_2661_p001010	KO	K00609
mjannaschii_2661	mjannaschii_2661_p001014	KO	K01923
mjannaschii_2661	mjannaschii_2661_p001015	KO	K23264
mjannaschii_2661	mjannaschii_2661_p001016	KO	K01079
mjannaschii_2661	mjannaschii_2661_p001018	KO	K00600
mjannaschii_2661	mjannaschii_2661_p001023	KO	K00003
mjannaschii_2661	mjannaschii_2661_p001030	KO	K07405
mjannaschii_2661	mjannaschii_2661_p001035	KO	K00088
mjannaschii_2661	mjannaschii_2661_p001054	KO	K23265
mjannaschii_2661	mjannaschii_2661_p001060	KO	K08681
mjannaschii_2661	mjannaschii_2661_p001101	KO	K03427
mjannaschii_2661	mjannaschii_2661_p001109	KO	K00930
mjannaschii_2661	mjannaschii_2661_p001168	KO	K00133
mjannaschii_2661	mjannaschii_2661_p001180	KO	K21219
mjannaschii_2661	mjannaschii_2661_p001184	KO	K01591
mjannaschii_2661	mjannaschii_2661_p001191	KO	K00170
mjannaschii_2661	mjannaschii_2661_p001192	KO	K00169
mjannaschii_2661	mjannaschii_2661_p001204	KO	K00794
mjannaschii_2661	mjannaschii_2661_p001222	KO	K02191
mjannaschii_2661	mjannaschii_2661_p001227	KO	K03517
mjannaschii_2661	mjannaschii_2661_p001230	KO	K00215
mjannaschii_2661	mjannaschii_2661_p001252	KO	K00800
mjannaschii_2661	mjannaschii_2661_p001254	KO	K02501
mjannaschii_2661	mjannaschii_2661_p001277	KO	K01939
mjannaschii_2661	mjannaschii_2661_p001296	KO	K11176
mjannaschii_2661	mjannaschii_2661_p001306	KO	K00226
mjannaschii_2661	mjannaschii_2661_p001306	KO	K17828
mjannaschii_2661	mjannaschii_2661_p001311	KO	K11752
mjannaschii_2661	mjannaschii_2661_p001339	KO	K07332
mjannaschii_2661	mjannaschii_2661_p001363	KO	K07328
mjannaschii_2661	mjannaschii_2661_p001364	KO	K07330
mjannaschii_2661	mjannaschii_2661_p001365	KO	K07331
mjannaschii_2661	mjannaschii_2661_p001366	KO	K07332
mjannaschii_2661	mjannaschii_2661_p001367	KO	K07333
mjannaschii_2661	mjannaschii_2661_p001368	KO	K07991
mjannaschii_2661	mjannaschii_2661_p001370	KO	K02230
mjannaschii_2661	mjannaschii_2661_p001380	KO	K01756
mjannaschii_2661	mjannaschii_2661_p001390	KO	K00817
mjannaschii_2661	mjannaschii_2661_p001391	KO	K02303
mjannaschii_2661	mjannaschii_2661_p001409	KO	K02037
mjannaschii_2661	mjannaschii_2661_p001410	KO	K02040
mjannaschii_2661	mjannaschii_2661_p001413	KO	K20021
mjannaschii_2661	mjannaschii_2661_p001418	KO	K01696
mjannaschii_2661	mjannaschii_2661_p001419	KO	K01695
mjannaschii_2661	mjannaschii_2661_p001430	KO	K01586
mjannaschii_2661	mjannaschii_2661_p001432	KO	K00872
mjannaschii_2661	mjannaschii_2661_p001435	KO	K01953
mjannaschii_2661	mjannaschii_2661_p001440	KO	K02189
mjannaschii_2661	mjannaschii_2661_p001451	KO	K01937
mjannaschii_2661	mjannaschii_2661_p001452	KO	K01736
mjannaschii_2661	mjannaschii_2661_p001462	KO	K01153
mjannaschii_2661	mjannaschii_2661_p001478	KO	K01687
mjannaschii_2661	mjannaschii_2661_p001482	KO	K01935
mjannaschii_2661	mjannaschii_2661_p001483	KO	K00833
mjannaschii_2661	mjannaschii_2661_p001501	KO	K01915
mjannaschii_2661	mjannaschii_2661_p001507	KO	K01916
mjannaschii_2661	mjannaschii_2661_p001523	KO	K02224
mjannaschii_2661	mjannaschii_2661_p001528	KO	K02233
mjannaschii_2661	mjannaschii_2661_p001531	KO	K00013
mjannaschii_2661	mjannaschii_2661_p001536	KO	K00549
mjannaschii_2661	mjannaschii_2661_p001542	KO	K08289
mjannaschii_2661	mjannaschii_2661_p001558	KO	K00053
mjannaschii_2661	mjannaschii_2661_p001575	KO	K04069
mjannaschii_2661	mjannaschii_2661_p001592	KO	K09951
mjannaschii_2661	mjannaschii_2661_p001595	KO	K02232
mjannaschii_2661	mjannaschii_2661_p001614	KO	K01153
mjannaschii_2661	mjannaschii_2661_p001615	KO	K01154
mjannaschii_2661	mjannaschii_2661_p001629	KO	K01154
mjannaschii_2661	mjannaschii_2661_p001630	KO	K01902
mjannaschii_2661	mjannaschii_2661_p001660	KO	K01154
mjannaschii_2661	mjannaschii_2661_p001678	KO	K01012
mjannaschii_2661	mjannaschii_2661_p001690	KO	K07325
mjannaschii_2661	mjannaschii_2661_p001770	KO	K07333
mjannaschii_2661	mjannaschii_2661_p001794	KO	K03427
mjannaschii_2661	mjannaschii_2661_p001804	KO	K01153
mjannaschii_2661	mjannaschii_2661_p001807	KO	K07012
mjannaschii_2661	mjannaschii_2661_p001811	KO	K03427
